timestamp,plant,environment,temperature,humidity,soil,water_required
2026-07-30 12:12:57,Basil,Indoor,27.3,61.4,81,0
2026-07-30 12:12:59,Basil,Indoor,27.3,61.5,82,0
2026-07-30 12:13:01,Basil,Indoor,27.4,61.6,82,0
2026-07-30 12:13:03,Basil,Indoor,27.3,61.6,81,0
2026-07-30 12:13:05,Basil,Indoor,27.4,61.7,81,0
2026-07-30 12:13:08,Basil,Indoor,27.4,61.7,81,0
2026-07-30 12:13:10,Basil,Indoor,27.4,61.7,81,0
2026-07-30 12:13:12,Basil,Indoor,27.4,61.8,81,0
2026-07-30 12:13:14,Basil,Indoor,27.4,61.8,82,0
2026-07-30 12:13:16,Basil,Indoor,27.4,61.8,82,0
2026-07-30 12:13:18,Basil,Indoor,27.4,61.8,82,0
2026-07-30 12:13:20,Basil,Indoor,27.4,61.8,83,0
2026-07-30 12:13:22,Basil,Indoor,27.4,61.8,83,0
2026-07-30 12:13:24,Basil,Indoor,27.4,61.8,83,0
2026-07-30 12:13:26,Basil,Indoor,27.4,61.8,84,0
2026-07-30 12:13:28,Basil,Indoor,27.4,61.8,84,0
2026-07-30 12:13:30,Basil,Indoor,27.4,61.8,85,0
2026-07-30 12:13:32,Basil,Indoor,27.4,61.8,85,0
2026-07-30 12:13:34,Basil,Indoor,27.4,61.8,86,0
2026-07-30 12:13:36,Basil,Indoor,27.4,61.8,86,0
2026-07-30 12:13:38,Basil,Indoor,27.5,61.6,87,0
2026-07-30 12:13:40,Basil,Indoor,27.5,61.6,87,0
2026-07-30 12:13:42,Basil,Indoor,27.5,61.6,88,0
2026-07-30 12:13:45,Basil,Indoor,27.5,61.5,89,0
2026-07-30 12:13:47,Basil,Indoor,27.5,61.5,89,0
2026-07-30 12:13:49,Basil,Indoor,27.5,61.5,90,0
2026-07-30 12:21:49,Basil,Indoor,27.5,61.5,75,0
2026-07-30 12:21:51,Basil,Indoor,27.9,61.0,74,0
2026-07-30 12:21:54,Basil,Indoor,27.9,60.9,74,0
2026-07-30 12:21:56,Basil,Indoor,27.9,60.9,74,0
2026-07-30 12:21:58,Basil,Indoor,27.9,60.9,74,0
2026-07-30 12:22:00,Basil,Indoor,27.9,60.8,73,0
2026-07-30 12:22:02,Basil,Indoor,27.9,60.8,73,0
2026-07-30 12:22:04,Basil,Indoor,27.9,60.8,73,0
2026-07-30 12:22:06,Basil,Indoor,27.9,60.8,73,0
2026-07-30 12:22:08,Basil,Indoor,27.9,60.8,73,0
2026-07-30 12:22:10,Basil,Indoor,27.9,60.7,73,0
2026-07-30 12:22:12,Basil,Indoor,27.9,60.7,74,0
2026-07-30 12:22:14,Basil,Indoor,27.9,60.7,73,0
2026-07-30 12:22:16,Basil,Indoor,27.9,60.7,74,0
2026-07-30 12:22:18,Basil,Indoor,27.9,60.7,73,0
2026-07-30 12:22:20,Basil,Indoor,27.9,60.7,73,0
2026-07-30 12:22:23,Basil,Indoor,27.9,60.7,73,0
2026-07-30 12:22:25,Basil,Indoor,27.9,60.7,73,0
2026-07-30 12:22:27,Basil,Indoor,27.9,60.7,72,0
2026-07-30 12:22:29,Basil,Indoor,27.9,60.7,73,0
2026-07-30 12:22:31,Basil,Indoor,27.9,60.7,73,0
2026-07-30 12:22:33,Basil,Indoor,27.9,60.7,72,0
2026-07-30 12:22:35,Basil,Indoor,28.0,60.6,72,0
2026-07-30 12:22:37,Basil,Indoor,27.9,60.7,73,0
2026-07-30 12:22:39,Basil,Indoor,28.0,60.6,72,0
2026-07-30 12:22:41,Basil,Indoor,27.9,60.6,73,0
2026-07-30 12:24:09,Basil,Indoor,27.9,60.6,100,0
2026-07-30 12:24:11,Basil,Indoor,28.0,60.8,100,0
2026-07-30 12:24:13,Basil,Indoor,28.0,60.8,100,0
2026-07-30 12:24:15,Basil,Indoor,28.0,60.8,100,0
2026-07-30 12:24:17,Basil,Indoor,28.0,60.8,100,0
2026-07-30 12:24:19,Basil,Indoor,28.0,60.8,100,0
2026-07-30 12:24:22,Basil,Indoor,28.0,60.8,100,0
2026-07-30 12:24:24,Basil,Indoor,28.0,60.8,0,1
2026-07-30 12:24:26,Basil,Indoor,28.0,60.8,99,0
2026-07-30 12:24:28,Basil,Indoor,28.0,61.0,96,0
2026-07-30 12:24:30,Basil,Indoor,28.0,61.0,95,0
2026-07-30 12:24:32,Basil,Indoor,28.0,61.1,94,0
2026-07-30 12:24:34,Basil,Indoor,28.0,61.1,94,0
2026-07-30 12:24:36,Basil,Indoor,28.0,61.2,94,0
2026-07-30 12:24:38,Basil,Indoor,28.0,61.2,93,0
2026-07-30 12:24:40,Basil,Indoor,28.0,61.3,91,0
2026-07-30 12:24:42,Basil,Indoor,28.0,61.3,90,0
2026-07-30 12:24:44,Basil,Indoor,28.0,61.3,90,0
2026-07-30 12:24:46,Basil,Indoor,28.0,61.3,89,0
2026-07-30 12:24:48,Basil,Indoor,28.0,61.3,88,0
2026-07-30 12:24:51,Basil,Indoor,28.0,61.3,88,0
2026-07-30 12:24:53,Basil,Indoor,28.0,61.2,88,0
2026-07-30 12:24:55,Basil,Indoor,28.0,61.2,88,0
2026-07-30 12:24:57,Basil,Indoor,28.0,61.2,87,0
2026-07-30 12:24:59,Basil,Indoor,28.0,61.1,86,0
2026-07-30 12:25:01,Basil,Indoor,28.0,61.1,87,0
2026-07-30 12:25:03,Basil,Indoor,28.0,61.1,86,0
2026-07-30 12:25:05,Basil,Indoor,28.0,61.1,86,0
2026-07-30 12:25:07,Basil,Indoor,28.0,61.1,86,0
2026-07-30 12:25:09,Basil,Indoor,28.0,61.1,86,0
2026-07-30 12:25:11,Basil,Indoor,28.0,61.1,86,0
2026-07-30 12:25:13,Basil,Indoor,28.0,61.2,86,0
2026-07-30 12:25:15,Basil,Indoor,28.0,61.2,85,0
2026-07-30 12:25:17,Basil,Indoor,28.0,61.2,85,0
2026-07-30 12:25:19,Basil,Indoor,28.0,61.2,85,0
2026-07-30 12:25:21,Basil,Indoor,28.0,61.2,85,0
2026-07-30 12:25:23,Basil,Indoor,28.0,61.1,85,0
2026-07-30 12:25:25,Basil,Indoor,28.0,61.1,85,0
2026-07-30 12:25:28,Basil,Indoor,28.0,61.1,85,0
2026-07-30 12:25:30,Basil,Indoor,28.0,61.0,85,0
2026-07-30 12:25:32,Basil,Indoor,28.0,61.0,85,0
2026-07-30 12:25:34,Basil,Indoor,28.0,61.0,85,0
2026-07-30 12:25:36,Basil,Indoor,28.0,61.0,85,0
2026-07-30 12:25:38,Basil,Indoor,28.0,61.0,84,0
2026-07-30 12:25:40,Basil,Indoor,28.0,61.0,84,0
2026-07-30 12:25:42,Basil,Indoor,28.0,61.0,85,0
2026-07-30 12:25:44,Basil,Indoor,28.0,61.0,85,0
2026-07-30 12:25:46,Basil,Indoor,28.0,61.0,85,0
2026-07-30 12:25:48,Basil,Indoor,28.0,61.0,85,0
2026-07-30 12:25:50,Basil,Indoor,28.0,61.0,86,0
2026-07-30 12:25:52,Basil,Indoor,28.0,61.1,85,0
2026-07-30 12:25:54,Basil,Indoor,28.0,61.1,86,0
2026-07-30 12:25:56,Basil,Indoor,28.0,61.1,84,0
2026-07-30 12:25:58,Basil,Indoor,28.0,61.1,85,0
2026-07-30 12:26:00,Basil,Indoor,28.0,61.1,85,0
2026-07-30 12:26:02,Basil,Indoor,28.0,61.1,85,0
2026-07-30 12:26:04,Basil,Indoor,28.0,61.1,85,0
2026-07-30 12:26:07,Basil,Indoor,28.0,61.2,85,0
2026-07-30 12:26:09,Basil,Indoor,28.0,61.2,85,0
2026-07-30 12:26:11,Basil,Indoor,28.0,61.3,85,0
2026-07-30 12:26:13,Basil,Indoor,28.0,61.3,85,0
2026-07-30 12:26:15,Basil,Indoor,28.0,61.3,85,0
2026-07-30 12:26:17,Basil,Indoor,28.0,61.3,84,0
2026-07-30 12:26:19,Basil,Indoor,28.0,61.3,84,0
2026-07-30 12:26:21,Basil,Indoor,28.0,61.3,85,0
2026-07-30 12:26:23,Basil,Indoor,28.0,61.3,84,0
2026-07-30 12:26:25,Basil,Indoor,28.0,61.3,85,0
2026-07-30 12:26:27,Basil,Indoor,28.0,61.3,85,0
2026-07-30 12:26:29,Basil,Indoor,28.0,61.3,85,0
2026-07-30 12:26:31,Basil,Indoor,28.0,61.3,85,0
2026-07-30 12:26:33,Basil,Indoor,28.0,61.3,85,0
2026-07-30 12:26:35,Basil,Indoor,28.0,61.2,84,0
2026-07-30 12:26:37,Basil,Indoor,28.0,61.2,84,0
2026-07-30 12:26:39,Basil,Indoor,28.0,61.2,84,0
2026-07-30 12:26:41,Basil,Indoor,28.0,61.2,84,0
2026-07-30 12:26:43,Basil,Indoor,28.0,61.2,84,0
2026-07-30 12:26:45,Basil,Indoor,28.0,61.2,84,0
2026-07-30 12:26:48,Basil,Indoor,28.0,61.2,84,0
2026-07-30 12:26:50,Basil,Indoor,28.0,61.2,84,0
2026-07-30 12:26:52,Basil,Indoor,28.0,61.2,83,0
2026-07-30 12:26:54,Basil,Indoor,28.0,61.2,84,0
2026-07-30 12:26:56,Basil,Indoor,28.0,61.2,84,0
2026-07-30 12:26:58,Basil,Indoor,28.0,61.2,84,0
2026-07-30 12:27:00,Basil,Indoor,28.0,61.2,84,0
2026-07-30 12:27:02,Basil,Indoor,28.0,61.2,83,0
2026-07-30 12:27:04,Basil,Indoor,28.0,61.2,84,0
2026-07-30 12:27:06,Basil,Indoor,28.0,61.2,83,0
2026-07-30 12:27:08,Basil,Indoor,28.0,61.2,84,0
2026-07-30 12:27:10,Basil,Indoor,28.0,61.1,84,0
2026-07-30 12:27:12,Basil,Indoor,28.0,61.1,84,0
2026-07-30 12:27:14,Basil,Indoor,28.0,61.1,84,0
2026-07-30 12:27:16,Basil,Indoor,28.0,61.1,83,0
2026-07-30 12:27:18,Basil,Indoor,28.0,61.0,83,0
2026-07-30 12:27:20,Basil,Indoor,28.0,61.0,83,0
2026-07-30 12:27:23,Basil,Indoor,28.0,61.0,83,0
2026-07-30 12:27:25,Basil,Indoor,28.0,61.0,82,0
2026-07-30 12:27:27,Basil,Indoor,28.0,61.0,82,0
2026-07-30 12:27:29,Basil,Indoor,28.0,61.0,82,0
2026-07-30 12:27:31,Basil,Indoor,28.0,61.0,83,0
2026-07-30 12:32:34,Basil,Indoor,28.0,60.9,75,0
2026-07-30 12:32:36,Basil,Indoor,28.0,61.1,75,0
2026-07-30 12:32:38,Basil,Indoor,28.0,61.1,76,0
2026-07-30 12:32:40,Basil,Indoor,28.0,61.1,76,0
2026-07-30 12:32:42,Basil,Indoor,28.0,61.1,76,0
2026-07-30 12:32:44,Basil,Indoor,28.0,61.1,76,0
2026-07-30 12:32:46,Basil,Indoor,28.0,61.1,75,0
2026-07-30 12:32:49,Basil,Indoor,28.0,61.1,75,0
2026-07-30 12:32:51,Basil,Indoor,28.0,61.1,75,0
2026-07-30 12:32:53,Basil,Indoor,28.0,61.1,75,0
2026-07-30 12:32:55,Basil,Indoor,28.0,61.1,75,0
2026-07-30 12:32:57,Basil,Indoor,28.0,61.1,74,0
2026-07-30 12:32:59,Basil,Indoor,28.0,61.1,75,0
2026-07-30 12:33:02,Basil,Indoor,28.0,61.1,75,0
2026-07-30 12:33:04,Basil,Indoor,28.0,61.1,75,0
2026-07-30 12:33:06,Basil,Indoor,28.0,61.2,75,0
2026-07-30 12:33:08,Basil,Indoor,28.0,61.2,75,0
2026-07-30 12:33:10,Basil,Indoor,28.0,61.2,75,0
2026-07-30 12:33:12,Basil,Indoor,28.0,61.2,75,0
2026-07-30 12:36:37,Basil,Indoor,28.0,61.2,73,0
2026-07-30 12:36:39,Basil,Indoor,28.0,62.2,72,0
2026-07-30 12:36:42,Basil,Indoor,28.0,62.2,73,0
2026-07-30 12:36:44,Basil,Indoor,28.0,62.1,73,0
2026-07-30 12:36:46,Basil,Indoor,28.0,62.1,72,0
2026-07-30 12:36:48,Basil,Indoor,28.0,62.1,72,0
2026-07-30 12:36:50,Basil,Indoor,28.0,62.0,73,0
2026-07-30 12:36:52,Basil,Indoor,28.0,62.0,74,0
2026-07-30 12:36:54,Basil,Indoor,28.0,62.0,74,0
2026-07-30 12:36:56,Basil,Indoor,28.0,61.9,74,0
2026-07-30 12:36:58,Basil,Indoor,28.0,61.8,74,0
2026-07-30 12:37:00,Basil,Indoor,28.0,61.8,74,0
2026-07-30 12:37:02,Basil,Indoor,28.0,61.8,74,0
2026-07-30 12:37:05,Basil,Indoor,28.0,61.8,74,0
2026-07-30 12:37:07,Basil,Indoor,28.0,61.7,74,0
2026-07-30 12:37:09,Basil,Indoor,28.0,61.7,74,0
2026-07-30 12:37:11,Basil,Indoor,28.0,61.6,73,0
2026-07-30 12:37:13,Basil,Indoor,28.0,61.6,74,0
2026-07-30 12:37:15,Basil,Indoor,28.0,61.6,73,0
2026-07-30 12:37:17,Basil,Indoor,28.0,61.6,73,0
2026-07-30 12:37:19,Basil,Indoor,28.0,61.6,73,0
2026-07-30 12:37:21,Basil,Indoor,28.0,61.6,73,0
2026-07-30 12:37:23,Basil,Indoor,28.0,61.6,73,0
2026-07-30 12:37:25,Basil,Indoor,28.0,61.6,72,0
2026-07-30 12:37:27,Basil,Indoor,28.0,61.6,73,0
2026-07-30 12:37:29,Basil,Indoor,28.0,61.7,71,0
2026-07-30 12:37:31,Basil,Indoor,28.0,61.7,72,0
2026-07-30 12:37:33,Basil,Indoor,28.0,61.7,72,0
2026-07-30 12:37:35,Basil,Indoor,28.0,61.8,74,0
2026-07-30 12:37:37,Basil,Indoor,28.0,61.8,72,0
2026-07-30 12:37:39,Basil,Indoor,28.0,61.8,72,0
2026-07-30 12:37:41,Basil,Indoor,28.0,61.8,72,0
2026-07-30 12:37:44,Basil,Indoor,28.0,61.8,72,0
2026-07-30 12:37:46,Basil,Indoor,28.0,61.8,72,0
2026-07-30 12:37:48,Basil,Indoor,28.0,61.8,72,0
2026-07-30 12:37:50,Basil,Indoor,28.0,61.9,72,0
2026-07-30 12:37:52,Basil,Indoor,28.0,62.0,73,0
2026-07-30 12:37:54,Basil,Indoor,28.0,62.0,74,0
2026-07-30 12:37:56,Basil,Indoor,28.0,62.0,73,0
2026-07-30 12:37:58,Basil,Indoor,28.0,62.0,72,0
2026-07-30 12:38:00,Basil,Indoor,28.0,62.1,73,0
2026-07-30 12:38:02,Basil,Indoor,28.0,62.1,72,0
2026-07-30 12:38:04,Basil,Indoor,28.0,62.1,72,0
2026-07-30 12:38:06,Basil,Indoor,28.0,62.1,72,0
2026-07-30 12:38:08,Basil,Indoor,28.0,62.2,72,0
2026-07-30 12:38:10,Basil,Indoor,28.0,62.2,72,0
2026-07-30 12:38:12,Basil,Indoor,28.0,62.2,72,0
2026-07-30 12:38:14,Basil,Indoor,28.0,62.3,71,0
2026-07-30 12:38:16,Basil,Indoor,28.0,62.3,71,0
2026-07-30 12:38:19,Basil,Indoor,28.0,62.3,71,0
2026-07-30 12:38:21,Basil,Indoor,28.0,62.3,71,0
2026-07-30 12:38:23,Basil,Indoor,28.0,62.4,72,0
2026-07-30 12:38:25,Basil,Indoor,28.0,62.4,71,0
2026-07-30 12:38:27,Basil,Indoor,28.0,62.5,71,0
2026-07-30 12:38:29,Basil,Indoor,28.0,62.5,72,0
2026-07-30 12:38:31,Basil,Indoor,28.0,62.5,72,0
2026-07-30 12:38:33,Basil,Indoor,28.0,62.6,72,0
2026-07-30 12:38:35,Basil,Indoor,28.0,62.6,72,0
2026-07-30 12:38:37,Basil,Indoor,28.0,62.6,72,0
2026-07-30 12:38:39,Basil,Indoor,28.0,62.6,72,0
2026-07-30 12:38:41,Basil,Indoor,28.0,62.6,72,0
2026-07-30 12:38:43,Basil,Indoor,28.0,62.6,71,0
2026-07-30 12:38:45,Basil,Indoor,28.0,62.6,71,0
2026-07-30 12:38:47,Basil,Indoor,28.0,62.6,71,0
2026-07-30 12:38:49,Basil,Indoor,28.0,62.6,71,0
2026-07-30 12:38:52,Basil,Indoor,28.0,62.6,72,0
2026-07-30 12:38:54,Basil,Indoor,28.0,62.6,72,0
2026-07-30 12:38:56,Basil,Indoor,28.0,62.6,71,0
2026-07-30 12:38:58,Basil,Indoor,28.0,62.6,71,0
2026-07-30 12:39:00,Basil,Indoor,28.0,62.6,71,0
2026-07-30 12:39:02,Basil,Indoor,28.0,62.6,73,0
2026-07-30 12:39:04,Basil,Indoor,28.0,62.6,72,0
2026-07-30 12:39:06,Basil,Indoor,28.0,62.6,72,0
2026-07-30 12:39:08,Basil,Indoor,28.0,62.7,72,0
2026-07-30 12:39:10,Basil,Indoor,28.0,62.7,72,0
2026-07-30 12:39:12,Basil,Indoor,28.0,62.7,72,0
2026-07-30 12:39:14,Basil,Indoor,28.0,62.7,71,0
2026-07-30 12:39:16,Basil,Indoor,28.0,62.8,72,0
2026-07-30 12:39:18,Basil,Indoor,28.0,62.8,71,0
2026-07-30 12:39:20,Basil,Indoor,28.0,62.8,71,0
2026-07-30 12:39:22,Basil,Indoor,28.0,63.0,70,0
2026-07-30 12:39:24,Basil,Indoor,28.0,63.0,71,0
2026-07-30 12:39:26,Basil,Indoor,28.0,63.0,72,0
2026-07-30 12:39:29,Basil,Indoor,28.0,63.0,71,0
2026-07-30 12:39:31,Basil,Indoor,28.0,63.0,71,0
2026-07-30 12:39:33,Basil,Indoor,28.0,63.0,74,0
2026-07-30 12:39:35,Basil,Indoor,28.0,63.0,72,0
2026-07-30 12:39:37,Basil,Indoor,28.0,63.0,72,0
2026-07-30 12:39:39,Basil,Indoor,28.0,63.0,71,0
2026-07-30 12:39:41,Basil,Indoor,28.0,62.9,71,0
2026-07-30 12:39:43,Basil,Indoor,28.0,62.8,71,0
2026-07-30 12:39:45,Basil,Indoor,28.0,62.8,71,0
2026-07-30 12:39:47,Basil,Indoor,28.0,62.8,71,0
2026-07-30 12:39:49,Basil,Indoor,28.0,62.8,70,0
2026-07-30 12:39:51,Basil,Indoor,28.0,62.7,71,0
2026-07-30 12:39:53,Basil,Indoor,28.0,62.7,71,0
2026-07-30 12:39:55,Basil,Indoor,28.0,62.7,71,0
2026-07-30 12:39:57,Basil,Indoor,28.0,62.7,71,0
2026-07-30 12:39:59,Basil,Indoor,28.0,62.7,71,0
2026-07-30 12:40:02,Basil,Indoor,28.0,62.7,71,0
2026-07-30 12:40:04,Basil,Indoor,28.0,62.7,71,0
2026-07-30 12:40:06,Basil,Indoor,28.0,62.7,71,0
2026-07-30 12:40:08,Basil,Indoor,28.0,62.7,71,0
2026-07-30 12:40:10,Basil,Indoor,28.0,62.7,71,0
2026-07-30 12:40:12,Basil,Indoor,28.0,62.7,72,0
2026-07-30 12:40:14,Basil,Indoor,28.0,62.7,72,0
2026-07-30 12:40:16,Basil,Indoor,28.0,62.7,72,0
2026-07-30 12:40:18,Basil,Indoor,28.0,62.7,71,0
2026-07-30 12:40:20,Basil,Indoor,28.0,62.7,72,0
2026-07-30 12:40:22,Basil,Indoor,28.0,62.7,73,0
2026-07-30 12:40:24,Basil,Indoor,28.0,62.7,72,0
2026-07-30 12:40:26,Basil,Indoor,28.0,62.7,72,0
2026-07-30 12:40:28,Basil,Indoor,28.0,62.7,72,0
2026-07-30 12:40:30,Basil,Indoor,28.0,62.7,72,0
2026-07-30 12:40:32,Basil,Indoor,28.0,62.7,72,0
2026-07-30 12:40:35,Basil,Indoor,28.0,62.7,72,0
2026-07-30 12:40:37,Basil,Indoor,28.0,62.7,72,0
2026-07-30 12:40:39,Basil,Indoor,28.0,62.7,72,0
2026-07-30 12:40:41,Basil,Indoor,28.0,62.7,72,0
2026-07-30 12:40:43,Basil,Indoor,28.0,62.7,72,0
2026-07-30 12:40:45,Basil,Indoor,28.0,62.7,72,0
2026-07-30 12:40:47,Basil,Indoor,28.0,62.7,71,0
2026-07-30 12:40:49,Basil,Indoor,28.0,62.7,71,0
2026-07-30 12:40:51,Basil,Indoor,28.0,62.7,72,0
2026-07-30 12:40:53,Basil,Indoor,28.0,62.7,72,0
2026-07-30 12:40:55,Basil,Indoor,28.0,62.7,72,0
2026-07-30 12:40:57,Basil,Indoor,28.0,62.7,72,0
2026-07-30 12:40:59,Basil,Indoor,28.0,62.6,72,0
2026-07-30 12:41:01,Basil,Indoor,28.0,62.5,73,0
2026-07-30 12:41:03,Basil,Indoor,28.0,62.5,72,0
2026-07-30 12:41:05,Basil,Indoor,28.0,62.5,72,0
2026-07-30 12:41:07,Basil,Indoor,28.0,62.4,72,0
2026-07-30 12:41:10,Basil,Indoor,28.0,62.4,72,0
2026-07-30 12:41:12,Basil,Indoor,28.0,62.4,72,0
2026-07-30 12:41:14,Basil,Indoor,28.0,62.3,71,0
2026-07-30 12:41:16,Basil,Indoor,28.0,62.3,72,0
2026-07-30 12:41:18,Basil,Indoor,28.0,62.3,72,0
2026-07-30 12:41:20,Basil,Indoor,28.0,62.3,72,0
2026-07-30 12:41:22,Basil,Indoor,28.0,62.3,72,0
2026-07-30 12:41:24,Basil,Indoor,28.0,62.3,71,0
2026-07-30 12:41:26,Basil,Indoor,28.0,62.3,71,0
2026-07-30 12:41:28,Basil,Indoor,28.0,62.3,71,0
2026-07-30 12:41:30,Basil,Indoor,28.0,62.3,71,0
2026-07-30 12:41:32,Basil,Indoor,28.0,62.3,70,0
2026-07-30 12:41:34,Basil,Indoor,28.0,62.3,70,0
2026-07-30 12:41:36,Basil,Indoor,28.0,62.4,71,0
2026-07-30 12:41:38,Basil,Indoor,28.0,62.4,71,0
2026-07-30 12:41:40,Basil,Indoor,28.0,62.4,72,0
2026-07-30 12:41:42,Basil,Indoor,28.0,62.4,71,0
2026-07-30 12:41:44,Basil,Indoor,28.0,62.4,71,0
2026-07-30 12:41:47,Basil,Indoor,28.0,62.4,71,0
2026-07-30 12:41:49,Basil,Indoor,28.0,62.5,69,0
2026-07-30 12:41:51,Basil,Indoor,28.0,62.5,0,1
2026-07-30 12:41:53,Basil,Indoor,28.0,62.5,0,1
2026-07-30 12:41:55,Basil,Indoor,28.0,62.6,0,1
2026-07-30 12:41:57,Basil,Indoor,28.0,62.6,0,1
2026-07-30 12:41:59,Basil,Indoor,28.0,62.7,0,1
2026-07-30 12:42:01,Basil,Indoor,28.0,62.6,0,1
2026-07-30 12:42:03,Basil,Indoor,28.0,62.5,0,1
2026-07-30 12:42:05,Basil,Indoor,28.0,62.5,0,1
2026-07-30 13:01:12,Basil,Indoor,28.6,62.3,57,0
2026-07-30 13:01:14,Basil,Indoor,28.6,62.5,57,0
2026-07-30 13:01:16,Basil,Indoor,28.6,62.4,57,0
2026-07-30 13:01:18,Basil,Indoor,28.6,62.4,57,0
2026-07-30 13:01:20,Basil,Indoor,28.6,62.4,57,0
2026-07-30 13:01:22,Basil,Indoor,28.6,62.4,57,0
2026-07-30 13:01:24,Basil,Indoor,28.6,62.3,57,0
2026-07-30 13:01:27,Basil,Indoor,28.6,62.3,57,0
2026-07-30 13:01:29,Basil,Indoor,28.6,62.3,57,0
2026-07-30 13:01:31,Basil,Indoor,28.6,62.3,57,0
2026-07-30 13:01:33,Basil,Indoor,28.6,62.3,57,0
2026-07-30 13:01:35,Basil,Indoor,28.6,62.3,57,0
2026-07-30 13:01:37,Basil,Indoor,28.6,62.2,57,0
2026-07-30 13:01:39,Basil,Indoor,28.6,62.2,57,0
2026-07-30 13:01:41,Basil,Indoor,28.6,62.2,57,0
2026-07-30 13:01:43,Basil,Indoor,28.6,62.2,57,0
2026-07-30 13:01:45,Basil,Indoor,28.6,62.2,57,0
2026-07-30 13:01:47,Basil,Indoor,28.6,62.2,57,0
2026-07-30 13:01:49,Basil,Indoor,28.6,62.2,57,0
2026-07-30 13:01:51,Basil,Indoor,28.6,62.3,57,0
2026-07-30 13:01:53,Basil,Indoor,28.6,62.3,57,0
2026-07-30 13:01:55,Basil,Indoor,28.6,62.3,57,0
2026-07-30 13:01:57,Basil,Indoor,28.6,62.3,57,0
2026-07-30 13:01:59,Basil,Indoor,28.6,62.3,57,0
2026-07-30 13:02:01,Basil,Indoor,28.6,62.2,57,0
2026-07-30 13:02:04,Basil,Indoor,28.6,62.2,57,0
2026-07-30 13:02:06,Basil,Indoor,28.6,62.2,57,0
2026-07-30 13:02:08,Basil,Indoor,28.6,62.2,57,0
2026-07-30 13:02:10,Basil,Indoor,28.6,62.2,57,0
2026-07-30 13:02:12,Basil,Indoor,28.6,62.2,57,0
2026-07-30 13:02:14,Basil,Indoor,28.6,62.1,57,0
2026-07-30 13:02:16,Basil,Indoor,28.6,62.1,57,0
2026-07-30 13:02:18,Basil,Indoor,28.6,62.1,56,0
2026-07-30 13:02:20,Basil,Indoor,28.6,62.1,57,0
2026-07-30 13:02:22,Basil,Indoor,28.6,62.1,57,0
2026-07-30 13:02:24,Basil,Indoor,28.6,62.1,57,0
2026-07-30 13:02:26,Basil,Indoor,28.6,62.1,57,0
2026-07-30 13:02:28,Basil,Indoor,28.6,62.1,56,0
2026-07-30 13:02:30,Basil,Indoor,28.6,62.1,57,0
2026-07-30 13:02:32,Basil,Indoor,28.6,62.1,57,0
2026-07-30 13:02:34,Basil,Indoor,28.6,62.1,58,0
2026-07-30 13:02:36,Basil,Indoor,28.6,62.1,56,0
2026-07-30 13:02:39,Basil,Indoor,28.6,62.1,57,0
2026-07-30 13:02:41,Basil,Indoor,28.6,62.1,57,0
2026-07-30 13:02:43,Basil,Indoor,28.6,62.1,57,0
2026-07-30 13:02:45,Basil,Indoor,28.6,62.1,57,0
2026-07-30 13:02:47,Basil,Indoor,28.6,62.1,57,0
2026-07-30 13:02:49,Basil,Indoor,28.6,62.1,57,0
2026-07-30 13:02:51,Basil,Indoor,28.6,62.1,56,0
2026-07-30 13:02:53,Basil,Indoor,28.6,62.1,57,0
2026-07-30 13:02:55,Basil,Indoor,28.6,62.1,57,0
2026-07-30 13:02:57,Basil,Indoor,28.6,62.1,57,0
2026-07-30 13:02:59,Basil,Indoor,28.6,62.1,57,0
2026-07-30 13:03:01,Basil,Indoor,28.6,62.1,59,0
2026-07-30 13:03:03,Basil,Indoor,28.6,62.1,56,0
2026-07-30 13:03:05,Basil,Indoor,28.6,62.1,57,0
2026-07-30 13:03:07,Basil,Indoor,28.6,62.1,56,0
2026-07-30 13:03:09,Basil,Indoor,28.6,62.1,57,0
2026-07-30 13:03:11,Basil,Indoor,28.6,62.0,57,0
2026-07-30 13:03:13,Basil,Indoor,28.6,62.0,57,0
2026-07-30 13:03:16,Basil,Indoor,28.6,61.9,57,0
2026-07-30 13:03:18,Basil,Indoor,28.6,61.9,57,0
2026-07-30 13:03:20,Basil,Indoor,28.6,61.9,57,0
2026-07-30 13:03:22,Basil,Indoor,28.6,61.9,56,0
2026-07-30 13:03:24,Basil,Indoor,28.6,61.9,57,0
2026-07-30 13:03:26,Basil,Indoor,28.6,62.0,57,0
2026-07-30 13:03:28,Basil,Indoor,28.6,62.0,57,0
2026-07-30 13:03:30,Basil,Indoor,28.6,62.1,57,0
2026-07-30 13:03:32,Basil,Indoor,28.6,62.1,57,0
2026-07-30 13:03:34,Basil,Indoor,28.6,62.1,56,0
2026-07-30 13:03:36,Basil,Indoor,28.6,62.2,57,0
2026-07-30 13:03:38,Basil,Indoor,28.6,62.2,57,0
2026-07-30 13:03:40,Basil,Indoor,28.6,62.3,56,0
2026-07-30 13:03:42,Basil,Indoor,28.6,62.3,56,0
2026-07-30 13:03:44,Basil,Indoor,28.6,62.3,56,0
2026-07-30 13:03:46,Basil,Indoor,28.6,62.3,56,0
2026-07-30 13:03:48,Basil,Indoor,28.6,62.4,56,0
2026-07-30 13:03:50,Basil,Indoor,28.6,62.4,56,0
2026-07-30 13:03:52,Basil,Indoor,28.6,62.5,56,0
2026-07-30 13:03:55,Basil,Indoor,28.6,62.5,56,0
2026-07-30 13:03:57,Basil,Indoor,28.6,62.5,56,0
2026-07-30 13:03:59,Basil,Indoor,28.6,62.5,56,0
2026-07-30 13:04:01,Basil,Indoor,28.6,62.5,56,0
2026-07-30 13:04:03,Basil,Indoor,28.6,62.5,56,0
2026-07-30 13:04:05,Basil,Indoor,28.6,62.5,57,0
2026-07-30 13:04:07,Basil,Indoor,28.6,62.5,56,0
2026-07-30 13:04:09,Basil,Indoor,28.6,62.5,57,0
2026-07-30 13:04:11,Basil,Indoor,28.6,62.5,57,0
2026-07-30 13:04:13,Basil,Indoor,28.6,62.5,57,0
2026-07-30 13:04:15,Basil,Indoor,28.6,62.5,56,0
2026-07-30 13:04:17,Basil,Indoor,28.6,62.5,57,0
2026-07-30 13:04:19,Basil,Indoor,28.6,62.5,57,0
2026-07-30 13:04:21,Basil,Indoor,28.6,62.5,56,0
2026-07-30 13:04:23,Basil,Indoor,28.6,62.5,56,0
2026-07-30 13:04:25,Basil,Indoor,28.6,62.5,56,0
2026-07-30 13:04:27,Basil,Indoor,28.6,62.5,56,0
2026-07-30 13:04:30,Basil,Indoor,28.6,62.6,57,0
2026-07-30 13:04:32,Basil,Indoor,28.6,62.6,57,0
2026-07-30 13:04:34,Basil,Indoor,28.6,62.6,56,0
2026-07-30 13:04:36,Basil,Indoor,28.6,62.6,56,0
2026-07-30 13:04:38,Basil,Indoor,28.6,62.6,56,0
2026-07-30 13:04:40,Basil,Indoor,28.6,62.6,56,0
2026-07-30 13:04:42,Basil,Indoor,28.6,62.6,56,0
2026-07-30 13:04:44,Basil,Indoor,28.6,62.7,57,0
2026-07-30 13:04:46,Basil,Indoor,28.6,63.0,56,0
2026-07-30 13:04:48,Basil,Indoor,28.6,63.1,59,0
2026-07-30 13:04:50,Basil,Indoor,28.7,69.5,56,0
2026-07-30 13:04:52,Basil,Indoor,28.8,70.9,56,0
2026-07-30 13:04:54,Basil,Indoor,28.8,70.6,56,0
2026-07-30 13:04:56,Basil,Indoor,28.8,70.0,56,0
2026-07-30 13:04:58,Basil,Indoor,28.8,69.4,56,0
2026-07-30 13:05:00,Basil,Indoor,28.8,68.8,56,0
2026-07-30 13:05:02,Basil,Indoor,28.8,68.2,57,0
2026-07-30 13:05:04,Basil,Indoor,28.8,67.6,56,0
2026-07-30 13:05:07,Basil,Indoor,28.8,67.2,57,0
2026-07-30 13:05:09,Basil,Indoor,28.8,66.7,56,0
2026-07-30 13:05:11,Basil,Indoor,28.8,66.4,56,0
2026-07-30 13:05:13,Basil,Indoor,28.8,66.1,56,0
2026-07-30 13:05:15,Basil,Indoor,28.8,65.8,56,0
2026-07-30 13:05:17,Basil,Indoor,28.8,65.6,56,0
2026-07-30 13:05:19,Basil,Indoor,28.8,65.4,56,0
2026-07-30 13:05:21,Basil,Indoor,28.8,65.2,57,0
2026-07-30 13:05:23,Basil,Indoor,28.8,65.0,57,0
2026-07-30 13:05:25,Basil,Indoor,28.8,64.9,57,0
2026-07-30 13:05:27,Basil,Indoor,28.8,64.7,56,0
2026-07-30 13:05:29,Basil,Indoor,28.8,64.6,56,0
2026-07-30 13:05:31,Basil,Indoor,28.8,64.5,57,0
2026-07-30 13:05:33,Basil,Indoor,28.8,64.5,56,0
2026-07-30 13:05:36,Basil,Indoor,28.8,64.4,56,0
2026-07-30 13:05:38,Basil,Indoor,28.8,64.3,57,0
2026-07-30 13:05:40,Basil,Indoor,28.8,64.3,57,0
2026-07-30 13:05:42,Basil,Indoor,28.8,64.3,56,0
2026-07-30 13:05:45,Basil,Indoor,28.8,64.1,57,0
2026-07-30 13:05:47,Basil,Indoor,28.8,64.1,56,0
2026-07-30 13:05:49,Basil,Indoor,28.8,64.0,56,0
2026-07-30 13:05:51,Basil,Indoor,28.8,64.0,57,0
2026-07-30 13:05:53,Basil,Indoor,28.8,63.9,59,0
2026-07-30 13:05:55,Basil,Indoor,28.8,63.9,56,0
2026-07-30 13:05:57,Basil,Indoor,28.8,63.9,57,0
2026-07-30 13:05:59,Basil,Indoor,28.8,63.8,57,0
2026-07-30 13:06:01,Basil,Indoor,28.8,63.8,56,0
2026-07-30 13:06:03,Basil,Indoor,28.8,63.8,56,0
2026-07-30 13:06:05,Basil,Indoor,28.8,63.8,56,0
2026-07-30 13:06:07,Basil,Indoor,28.8,63.7,56,0
2026-07-30 13:06:09,Basil,Indoor,28.8,63.7,57,0
2026-07-30 13:06:11,Basil,Indoor,28.8,63.6,56,0
2026-07-30 13:06:13,Basil,Indoor,28.8,63.6,56,0
2026-07-30 13:06:15,Basil,Indoor,28.8,63.5,56,0
2026-07-30 13:06:17,Basil,Indoor,28.8,63.5,59,0
2026-07-30 13:06:19,Basil,Indoor,28.8,63.5,56,0
2026-07-30 13:06:21,Basil,Indoor,28.8,63.5,56,0
2026-07-30 13:06:24,Basil,Indoor,28.8,63.5,56,0
2026-07-30 13:06:26,Basil,Indoor,28.8,63.5,56,0
2026-07-30 13:06:28,Basil,Indoor,28.8,63.5,56,0
2026-07-30 13:06:30,Basil,Indoor,28.8,63.5,56,0
2026-07-30 13:06:32,Basil,Indoor,28.8,63.5,56,0
2026-07-30 13:06:34,Basil,Indoor,28.8,63.5,56,0
2026-07-30 13:06:36,Basil,Indoor,28.8,63.5,56,0
2026-07-30 13:06:38,Basil,Indoor,28.8,63.4,56,0
2026-07-30 13:06:40,Basil,Indoor,28.8,63.4,56,0
2026-07-30 13:06:42,Basil,Indoor,28.8,63.4,56,0
2026-07-30 13:06:44,Basil,Indoor,28.8,63.4,56,0
2026-07-30 13:06:46,Basil,Indoor,28.8,63.3,56,0
2026-07-30 13:06:48,Basil,Indoor,28.8,63.3,56,0
2026-07-30 13:06:50,Basil,Indoor,28.8,63.3,56,0
2026-07-30 13:06:52,Basil,Indoor,28.8,63.3,56,0
2026-07-30 13:06:54,Basil,Indoor,28.8,63.3,56,0
2026-07-30 13:07:23,Basil,Indoor,28.8,63.2,55,0
2026-07-30 13:07:25,Basil,Indoor,28.8,63.2,56,0
2026-07-30 13:07:27,Basil,Indoor,28.9,63.1,55,0
2026-07-30 13:07:29,Basil,Indoor,28.8,63.1,55,0
2026-07-30 13:07:31,Basil,Indoor,28.8,63.1,55,0
2026-07-30 13:07:33,Basil,Indoor,28.8,63.1,55,0
2026-07-30 13:07:35,Basil,Indoor,28.8,63.1,56,0
2026-07-30 13:07:37,Basil,Indoor,28.8,63.1,56,0
2026-07-30 13:07:40,Basil,Indoor,28.8,63.1,55,0
2026-07-30 13:07:54,Basil,Indoor,28.9,63.1,55,0
2026-07-30 13:07:56,Basil,Indoor,28.9,63.1,56,0
2026-07-30 13:07:58,Basil,Indoor,28.9,63.1,55,0
2026-07-30 13:08:00,Basil,Indoor,28.9,63.1,56,0
2026-07-30 13:08:02,Basil,Indoor,28.9,63.0,55,0
2026-07-30 13:08:04,Basil,Indoor,28.9,63.0,56,0
2026-07-30 13:08:06,Basil,Indoor,28.9,63.1,56,0
2026-07-30 13:08:08,Basil,Indoor,28.9,63.1,58,0
2026-07-30 13:08:10,Basil,Indoor,28.9,63.1,56,0
2026-07-30 13:08:12,Basil,Indoor,28.9,63.1,55,0
2026-07-30 13:08:15,Basil,Indoor,28.9,63.1,56,0
2026-07-30 13:08:17,Basil,Indoor,28.9,63.1,55,0
2026-07-30 13:08:19,Basil,Indoor,28.9,63.1,56,0
2026-07-30 13:08:21,Basil,Indoor,28.9,63.1,56,0
2026-07-30 13:08:23,Basil,Indoor,28.9,63.1,55,0
2026-07-30 13:08:25,Basil,Indoor,28.9,63.1,55,0
2026-07-30 13:08:27,Basil,Indoor,28.9,63.0,56,0
2026-07-30 13:08:29,Basil,Indoor,28.9,63.0,56,0
2026-07-30 13:08:31,Basil,Indoor,28.9,63.0,55,0
2026-07-30 13:08:33,Basil,Indoor,28.9,63.0,55,0
2026-07-30 13:08:35,Basil,Indoor,28.9,63.1,56,0
2026-07-30 13:08:37,Basil,Indoor,28.9,63.1,55,0
2026-07-30 13:08:39,Basil,Indoor,28.9,63.1,55,0
2026-07-30 13:08:41,Basil,Indoor,28.9,63.3,56,0
2026-07-30 13:08:43,Basil,Indoor,28.9,63.3,55,0
2026-07-30 13:08:45,Basil,Indoor,28.9,63.3,55,0
2026-07-30 13:08:48,Basil,Indoor,28.9,63.3,55,0
2026-07-30 13:08:50,Basil,Indoor,28.9,63.3,55,0
2026-07-30 13:08:52,Basil,Indoor,28.9,63.3,55,0
2026-07-30 13:08:54,Basil,Indoor,28.9,63.3,55,0
2026-07-30 13:08:56,Basil,Indoor,28.9,63.3,55,0
2026-07-30 13:08:58,Basil,Indoor,28.9,63.3,56,0
2026-07-30 13:09:00,Basil,Indoor,28.9,63.3,56,0
2026-07-30 13:09:02,Basil,Indoor,28.9,63.3,55,0
2026-07-30 13:09:04,Basil,Indoor,28.9,63.3,55,0
2026-07-30 13:09:06,Basil,Indoor,28.9,63.3,56,0
2026-07-30 13:09:08,Basil,Indoor,28.9,63.3,56,0
2026-07-30 13:09:10,Basil,Indoor,28.9,63.3,56,0
2026-07-30 13:09:12,Basil,Indoor,28.9,63.3,55,0
2026-07-30 13:09:14,Basil,Indoor,28.9,63.3,55,0
2026-07-30 13:09:16,Basil,Indoor,28.9,63.3,55,0
2026-07-30 13:09:18,Basil,Indoor,28.9,63.4,55,0
2026-07-30 13:09:20,Basil,Indoor,28.9,63.4,55,0
2026-07-30 13:09:22,Basil,Indoor,28.9,63.4,56,0
2026-07-30 13:09:25,Basil,Indoor,28.9,63.5,55,0
2026-07-30 13:09:27,Basil,Indoor,28.9,63.5,55,0
2026-07-30 13:09:29,Basil,Indoor,28.9,63.5,56,0
2026-07-30 13:09:31,Basil,Indoor,28.9,63.5,55,0
2026-07-30 13:09:33,Basil,Indoor,28.9,63.5,55,0
2026-07-30 13:09:35,Basil,Indoor,28.9,63.7,55,0
2026-07-30 13:09:37,Basil,Indoor,28.9,63.8,55,0
2026-07-30 13:09:39,Basil,Indoor,28.9,63.8,55,0
2026-07-30 13:09:41,Basil,Indoor,28.9,63.8,55,0
2026-07-30 13:09:43,Basil,Indoor,28.9,63.8,55,0
2026-07-30 13:09:45,Basil,Indoor,28.9,63.8,55,0
2026-07-30 13:09:47,Basil,Indoor,28.9,63.8,55,0
2026-07-30 13:09:49,Basil,Indoor,28.9,63.8,55,0
2026-07-30 13:09:51,Basil,Indoor,28.9,63.9,55,0
2026-07-30 13:09:53,Basil,Indoor,28.9,63.9,55,0
2026-07-30 13:09:55,Basil,Indoor,28.9,63.9,54,0
2026-07-30 13:09:57,Basil,Indoor,28.9,63.9,55,0
2026-07-30 13:09:59,Basil,Indoor,28.9,63.9,55,0
2026-07-30 13:10:02,Basil,Indoor,28.9,63.9,55,0
2026-07-30 13:10:04,Basil,Indoor,28.9,63.9,55,0
2026-07-30 13:10:06,Basil,Indoor,28.9,63.9,55,0
2026-07-30 13:10:08,Basil,Indoor,28.9,63.9,54,0
2026-07-30 13:10:10,Basil,Indoor,28.9,63.9,55,0
2026-07-30 13:10:12,Basil,Indoor,28.9,63.9,55,0
2026-07-30 13:10:14,Basil,Indoor,28.9,63.9,55,0
2026-07-30 13:10:16,Basil,Indoor,28.9,63.9,54,0
2026-07-30 13:10:18,Basil,Indoor,28.9,63.9,55,0
2026-07-30 13:10:20,Basil,Indoor,29.0,63.8,55,0
2026-07-30 13:14:35,Basil,Indoor,29.0,63.8,54,0
2026-07-30 13:14:37,Basil,Indoor,29.1,63.2,54,0
2026-07-30 13:14:39,Basil,Indoor,29.1,63.2,53,0
2026-07-30 13:14:41,Basil,Indoor,29.1,63.2,54,0
2026-07-30 13:14:43,Basil,Indoor,29.1,63.2,54,0
2026-07-30 13:14:45,Basil,Indoor,29.1,63.2,54,0
2026-07-30 15:31:56,Snake Plant,Indoor,28.0,54.6,56,0
2026-07-30 15:32:06,Snake Plant,Indoor,28.0,54.6,57,0
2026-07-30 15:32:16,Snake Plant,Indoor,28.0,54.6,36,0
2026-07-30 15:32:26,Snake Plant,Indoor,28.0,54.6,62,0
2026-07-30 15:32:36,Snake Plant,Indoor,28.0,54.6,60,0
2026-07-30 15:32:46,Snake Plant,Indoor,28.1,54.6,59,0
2026-07-30 15:32:56,Snake Plant,Indoor,28.1,54.6,60,0
2026-07-30 15:33:06,Snake Plant,Indoor,28.1,54.6,60,0
2026-07-30 15:58:13,Snake Plant,Indoor,28.1,54.6,61,0
2026-07-30 15:58:23,Snake Plant,Indoor,28.2,55.9,66,0
2026-07-30 15:58:33,Snake Plant,Indoor,28.2,56.0,63,0
2026-07-30 15:58:43,Snake Plant,Indoor,28.2,56.0,63,0
2026-07-30 15:58:53,Snake Plant,Indoor,28.2,55.9,62,0
2026-07-30 15:59:03,Snake Plant,Indoor,28.2,55.9,62,0
2026-07-30 15:59:13,Snake Plant,Indoor,28.2,55.9,62,0
2026-07-30 15:59:23,Snake Plant,Indoor,28.2,55.9,62,0
2026-07-30 15:59:33,Snake Plant,Indoor,28.2,55.9,62,0
2026-07-30 15:59:43,Snake Plant,Indoor,28.2,56.0,62,0
2026-07-30 15:59:54,Snake Plant,Indoor,28.2,56.0,62,0
2026-07-30 16:00:04,Snake Plant,Indoor,28.2,56.0,63,0
2026-07-30 16:00:14,Snake Plant,Indoor,28.2,56.0,63,0
2026-07-30 16:00:24,Snake Plant,Indoor,28.2,55.9,63,0
2026-07-30 16:00:34,Snake Plant,Indoor,28.2,55.9,63,0
2026-07-30 16:00:44,Snake Plant,Indoor,28.2,55.9,62,0
2026-07-30 16:00:54,Snake Plant,Indoor,28.2,56.0,63,0
2026-07-30 16:01:04,Snake Plant,Indoor,28.2,56.1,63,0
2026-07-30 16:01:14,Snake Plant,Indoor,28.2,56.0,62,0
2026-07-30 16:06:45,Snake Plant,Indoor,28.3,56.7,63,0
2026-07-30 16:07:21,Snake Plant,Indoor,28.3,56.7,63,0
2026-07-30 16:07:31,Snake Plant,Indoor,28.3,56.8,63,0
2026-07-30 16:07:41,Snake Plant,Indoor,28.3,56.8,66,0
2026-07-30 16:07:51,Snake Plant,Indoor,28.3,56.9,65,0
2026-07-30 16:08:01,Snake Plant,Indoor,28.3,56.9,64,0
2026-07-30 16:08:11,Snake Plant,Indoor,28.3,57.0,64,0
2026-07-30 16:08:21,Snake Plant,Indoor,28.3,57.1,64,0
2026-07-30 16:08:31,Snake Plant,Indoor,28.3,57.1,63,0
2026-07-30 16:08:41,Snake Plant,Indoor,28.3,57.1,63,0
2026-07-30 16:08:51,Snake Plant,Indoor,28.3,57.1,63,0
2026-07-30 16:09:01,Snake Plant,Indoor,28.3,57.2,63,0
2026-07-30 16:09:11,Snake Plant,Indoor,28.3,57.3,63,0
2026-07-30 16:09:21,Snake Plant,Indoor,28.3,57.3,64,0
2026-07-30 16:09:31,Snake Plant,Indoor,28.3,57.3,64,0
2026-07-30 16:09:41,Snake Plant,Indoor,28.3,57.3,63,0
2026-07-30 16:09:51,Snake Plant,Indoor,28.3,57.3,64,0
2026-07-30 16:10:01,Snake Plant,Indoor,28.3,57.2,64,0
2026-07-30 16:10:11,Snake Plant,Indoor,28.3,57.2,63,0
2026-07-30 16:10:21,Snake Plant,Indoor,28.3,57.2,63,0
2026-07-30 16:10:32,Snake Plant,Indoor,28.3,57.3,63,0
2026-07-30 16:10:42,Snake Plant,Indoor,28.3,57.6,63,0
2026-07-30 16:10:52,Snake Plant,Indoor,28.3,57.6,63,0
2026-07-30 16:11:02,Snake Plant,Indoor,28.3,57.5,65,0
2026-07-30 16:11:12,Snake Plant,Indoor,28.3,57.5,64,0
2026-07-30 16:11:22,Snake Plant,Indoor,28.3,57.5,63,0
2026-07-30 16:11:32,Snake Plant,Indoor,28.4,57.5,63,0
2026-07-30 16:11:42,Snake Plant,Indoor,28.3,57.5,63,0
2026-07-30 16:11:52,Snake Plant,Indoor,28.4,57.4,63,0
2026-07-30 16:12:02,Snake Plant,Indoor,28.4,57.4,63,0
2026-07-30 16:12:12,Snake Plant,Indoor,28.4,57.4,64,0
2026-07-30 16:12:22,Snake Plant,Indoor,28.4,57.4,63,0
2026-07-30 16:12:32,Snake Plant,Indoor,28.4,57.4,63,0
2026-07-30 16:12:42,Snake Plant,Indoor,28.4,57.4,63,0
2026-07-30 16:15:05,Snake Plant,Indoor,28.4,57.2,65,0
2026-07-30 16:17:07,Snake Plant,Indoor,28.4,57.0,63,0
2026-07-30 16:17:53,Snake Plant,Indoor,28.4,57.0,64,0
2026-07-30 20:29:37,Snake Plant,Indoor,27.2,47.8,0,1
2026-07-30 20:29:47,Snake Plant,Indoor,27.1,47.5,22,1
2026-07-30 20:29:57,Snake Plant,Indoor,27.1,47.7,3,1
2026-07-30 20:30:07,Snake Plant,Indoor,27.1,47.7,20,1
2026-07-30 20:30:17,Snake Plant,Indoor,27.1,47.6,25,1
2026-07-30 20:30:27,Snake Plant,Indoor,27.0,47.4,27,1
2026-07-30 20:30:37,Snake Plant,Indoor,27.0,47.3,28,1
2026-07-30 20:30:48,Snake Plant,Indoor,27.0,47.7,39,0
2026-07-30 20:30:58,Snake Plant,Indoor,27.0,47.4,33,0
2026-07-30 20:31:08,Snake Plant,Indoor,26.9,46.9,5,1
2026-07-30 20:31:18,Snake Plant,Indoor,26.8,45.6,42,0
2026-07-30 20:31:28,Snake Plant,Indoor,26.6,45.6,16,1
2026-07-30 20:31:38,Snake Plant,Indoor,26.4,45.9,26,1
2026-07-30 20:31:48,Snake Plant,Indoor,26.2,46.1,28,1
2026-07-30 20:31:58,Snake Plant,Indoor,26.1,46.2,32,0
2026-07-30 20:32:08,Snake Plant,Indoor,25.9,46.7,25,1
2026-07-30 20:32:18,Snake Plant,Indoor,25.8,46.9,25,1
2026-07-30 20:32:28,Snake Plant,Indoor,25.6,47.0,27,1
2026-07-30 20:32:38,Snake Plant,Indoor,25.5,46.9,22,1
2026-07-30 20:32:48,Snake Plant,Indoor,25.4,46.8,16,1
2026-07-30 20:32:58,Snake Plant,Indoor,25.2,46.9,13,1
2026-07-30 20:33:09,Snake Plant,Indoor,25.0,47.0,9,1
2026-07-30 20:33:19,Snake Plant,Indoor,24.8,47.1,23,1
2026-07-30 20:33:29,Snake Plant,Indoor,24.6,47.4,32,0
2026-07-30 20:33:39,Snake Plant,Indoor,24.5,47.6,10,1
2026-07-30 20:33:50,Snake Plant,Indoor,24.3,47.8,24,1
2026-07-30 20:34:00,Snake Plant,Indoor,24.1,48.0,21,1
2026-07-30 20:34:10,Snake Plant,Indoor,23.9,48.3,20,1
2026-07-30 20:34:20,Snake Plant,Indoor,23.8,48.4,19,1
2026-07-30 20:34:30,Snake Plant,Indoor,23.6,48.6,10,1
2026-07-30 20:34:40,Snake Plant,Indoor,23.5,48.9,19,1
2026-07-30 20:34:50,Snake Plant,Indoor,23.3,49.1,15,1
2026-07-30 20:35:00,Snake Plant,Indoor,23.2,49.3,15,1
2026-07-30 20:35:10,Snake Plant,Indoor,23.1,49.6,18,1
2026-07-30 20:35:20,Snake Plant,Indoor,23.0,49.7,16,1
2026-07-30 20:35:30,Snake Plant,Indoor,22.9,49.7,11,1
2026-07-30 20:35:40,Snake Plant,Indoor,22.9,49.8,13,1
2026-07-30 20:35:50,Snake Plant,Indoor,22.8,49.8,10,1
2026-07-30 20:36:00,Snake Plant,Indoor,22.7,50.0,15,1
2026-07-30 20:36:10,Snake Plant,Indoor,22.7,50.1,13,1
2026-07-30 20:36:20,Snake Plant,Indoor,22.6,50.1,14,1
2026-07-30 20:36:30,Snake Plant,Indoor,22.5,50.3,10,1
2026-07-30 20:36:40,Snake Plant,Indoor,22.5,50.4,26,1
2026-07-30 20:36:50,Snake Plant,Indoor,22.5,50.4,17,1
2026-07-30 20:37:00,Snake Plant,Indoor,22.4,50.4,14,1
2026-07-30 20:37:10,Snake Plant,Indoor,22.4,50.4,17,1
2026-07-30 20:37:20,Snake Plant,Indoor,22.4,50.4,7,1
2026-07-30 20:37:30,Snake Plant,Indoor,22.3,50.5,7,1
2026-07-30 20:37:41,Snake Plant,Indoor,22.3,50.5,28,1
2026-07-30 20:37:51,Snake Plant,Indoor,22.3,50.5,1,1
2026-07-30 20:38:01,Snake Plant,Indoor,22.2,50.7,0,1
2026-07-30 20:38:11,Snake Plant,Indoor,22.3,51.5,0,1
2026-07-30 20:38:21,Snake Plant,Indoor,22.4,51.6,0,1
2026-07-30 20:38:31,Snake Plant,Indoor,22.5,52.1,22,1
2026-07-30 20:38:41,Snake Plant,Indoor,22.7,51.6,17,1
2026-07-30 20:38:51,Snake Plant,Indoor,22.8,50.2,12,1
2026-07-30 20:39:01,Snake Plant,Indoor,22.8,49.8,0,1
2026-07-30 20:39:11,Snake Plant,Indoor,22.7,49.8,0,1
2026-07-30 20:39:21,Snake Plant,Indoor,22.6,49.8,53,0
2026-07-30 20:39:31,Snake Plant,Indoor,22.6,49.9,0,1
2026-07-30 20:39:41,Snake Plant,Indoor,22.5,49.9,0,1
2026-07-30 20:39:51,Snake Plant,Indoor,22.5,49.9,0,1
2026-07-30 20:40:01,Snake Plant,Indoor,22.5,49.9,0,1
2026-07-30 20:40:11,Snake Plant,Indoor,22.5,50.0,0,1
2026-07-30 20:40:21,Snake Plant,Indoor,22.5,49.9,0,1
2026-07-30 20:40:31,Snake Plant,Indoor,22.5,47.4,0,1
2026-07-30 20:40:41,Snake Plant,Indoor,22.5,49.7,0,1
2026-07-30 20:40:51,Snake Plant,Indoor,22.6,47.7,0,1
2026-07-30 20:41:01,Snake Plant,Indoor,22.5,49.5,0,1
2026-07-30 20:41:11,Snake Plant,Indoor,22.5,49.5,0,1
2026-07-30 20:41:21,Snake Plant,Indoor,22.5,49.5,0,1
2026-07-30 20:41:32,Snake Plant,Indoor,22.5,49.5,0,1
2026-07-30 21:02:55,Snake Plant,Indoor,25.0,40.2,28,1
2026-07-30 21:03:05,Snake Plant,Indoor,25.0,40.2,28,1
2026-07-30 21:03:16,Snake Plant,Indoor,25.0,40.1,27,1
2026-07-30 21:03:26,Snake Plant,Indoor,25.0,40.0,26,1
2026-07-30 21:03:36,Snake Plant,Indoor,25.0,40.0,26,1
2026-07-30 21:03:46,Snake Plant,Indoor,25.0,40.0,26,1
2026-07-30 21:03:56,Snake Plant,Indoor,25.0,40.0,25,1
2026-07-30 21:04:07,Snake Plant,Indoor,25.0,39.9,25,1
2026-07-30 21:04:14,Snake Plant,Indoor,25.0,40.0,25,1
2026-07-30 21:04:21,Snake Plant,Indoor,25.0,39.9,24,1
2026-07-30 21:04:28,Snake Plant,Indoor,25.0,40.7,0,1
2026-07-30 21:04:35,Snake Plant,Indoor,25.0,40.6,0,1
2026-07-30 21:06:19,Snake Plant,Indoor,24.8,40.1,30,0
2026-07-30 21:06:24,Snake Plant,Indoor,24.8,40.1,29,1
2026-07-30 21:06:29,Snake Plant,Indoor,24.8,40.0,30,0
2026-07-30 21:06:34,Snake Plant,Indoor,24.8,39.9,32,0
2026-07-30 21:06:39,Snake Plant,Indoor,24.8,39.8,31,0
2026-07-30 21:06:44,Snake Plant,Indoor,24.8,39.8,30,0
2026-07-30 21:06:49,Snake Plant,Indoor,24.8,39.8,30,0
2026-07-30 21:06:54,Snake Plant,Indoor,24.8,39.8,30,0
2026-07-30 21:06:59,Snake Plant,Indoor,24.8,39.8,29,1
2026-07-30 21:07:04,Snake Plant,Indoor,24.8,39.7,29,1
2026-07-30 21:07:10,Snake Plant,Indoor,24.8,39.7,29,1
2026-07-30 21:07:15,Snake Plant,Indoor,24.8,39.7,29,1
2026-07-30 21:07:20,Snake Plant,Indoor,24.8,39.8,29,1
2026-07-30 21:07:25,Snake Plant,Indoor,24.8,39.7,28,1
2026-07-30 21:07:30,Snake Plant,Indoor,24.8,39.7,28,1
2026-07-30 21:07:35,Snake Plant,Indoor,24.7,39.8,28,1
2026-07-30 21:07:40,Snake Plant,Indoor,24.8,39.8,27,1
2026-07-30 21:07:45,Snake Plant,Indoor,24.7,39.8,26,1
2026-07-30 21:07:50,Snake Plant,Indoor,24.7,39.8,27,1
2026-07-30 21:07:55,Snake Plant,Indoor,24.7,39.8,26,1
2026-07-30 21:08:00,Snake Plant,Indoor,24.7,39.9,26,1
2026-07-30 21:08:05,Snake Plant,Indoor,24.7,39.9,26,1
2026-07-30 21:08:10,Snake Plant,Indoor,24.7,39.9,25,1
2026-07-30 21:08:15,Snake Plant,Indoor,24.7,39.9,24,1
2026-07-30 21:08:20,Snake Plant,Indoor,24.7,39.8,24,1
2026-07-30 21:08:25,Snake Plant,Indoor,24.7,39.8,24,1
2026-07-30 21:08:30,Snake Plant,Indoor,24.7,39.8,23,1
2026-07-30 21:08:35,Snake Plant,Indoor,24.7,39.8,23,1
2026-07-30 21:08:40,Snake Plant,Indoor,24.7,39.7,24,1
2026-07-30 21:08:45,Snake Plant,Indoor,24.7,39.7,23,1
2026-07-30 21:08:50,Snake Plant,Indoor,24.7,39.7,22,1
2026-07-30 21:08:55,Snake Plant,Indoor,24.7,39.8,21,1
2026-07-30 21:09:00,Snake Plant,Indoor,24.7,39.8,22,1
2026-07-30 21:09:05,Snake Plant,Indoor,24.7,40.0,24,1
2026-07-30 21:09:11,Snake Plant,Indoor,24.7,40.0,21,1
2026-07-30 21:09:16,Snake Plant,Indoor,24.7,40.0,20,1
2026-07-30 21:09:21,Snake Plant,Indoor,24.7,39.9,22,1
2026-07-30 21:09:26,Snake Plant,Indoor,24.7,39.8,21,1
2026-07-30 21:09:31,Snake Plant,Indoor,24.7,39.9,20,1
2026-07-30 21:09:36,Snake Plant,Indoor,24.6,39.9,21,1
2026-07-30 21:09:41,Snake Plant,Indoor,24.6,39.9,20,1
2026-07-30 21:09:46,Snake Plant,Indoor,24.6,39.8,21,1
2026-07-30 21:09:51,Snake Plant,Indoor,24.6,39.8,21,1
2026-07-30 21:09:56,Snake Plant,Indoor,24.6,39.8,20,1
2026-07-30 21:10:01,Snake Plant,Indoor,24.6,39.8,20,1
2026-07-30 21:10:06,Snake Plant,Indoor,24.6,39.8,19,1
2026-07-30 21:10:11,Snake Plant,Indoor,24.6,39.8,18,1
2026-07-30 21:10:16,Snake Plant,Indoor,24.6,39.8,17,1
2026-07-30 21:10:21,Snake Plant,Indoor,24.6,39.8,19,1
2026-07-30 21:10:26,Snake Plant,Indoor,24.6,40.0,18,1
2026-07-30 21:15:48,Snake Plant,Indoor,24.4,40.7,29,1
2026-07-30 21:15:53,Snake Plant,Indoor,24.4,40.5,28,1
2026-07-30 21:15:58,Snake Plant,Indoor,24.4,40.5,29,1
2026-07-30 21:16:03,Snake Plant,Indoor,24.4,40.4,28,1
2026-07-30 21:16:08,Snake Plant,Indoor,24.4,40.3,28,1
2026-07-30 21:16:13,Snake Plant,Indoor,24.4,40.3,28,1
2026-07-30 21:16:18,Snake Plant,Indoor,24.4,40.3,28,1
2026-07-30 21:16:23,Snake Plant,Indoor,24.4,40.3,28,1
2026-07-30 21:16:28,Snake Plant,Indoor,24.3,40.4,28,1
2026-07-30 21:16:33,Snake Plant,Indoor,24.4,40.4,28,1
2026-07-30 21:16:38,Snake Plant,Indoor,24.3,40.3,28,1
2026-07-30 21:16:43,Snake Plant,Indoor,24.3,40.3,28,1
2026-07-30 21:16:48,Snake Plant,Indoor,24.3,40.3,28,1
2026-07-30 21:16:53,Snake Plant,Indoor,24.3,40.3,27,1
2026-07-30 21:16:58,Snake Plant,Indoor,24.3,40.4,30,0
2026-07-30 21:17:03,Snake Plant,Indoor,24.3,40.4,27,1
2026-07-30 21:17:08,Snake Plant,Indoor,24.3,40.3,28,1
2026-07-30 21:17:13,Snake Plant,Indoor,24.3,40.3,27,1
2026-07-30 21:17:18,Snake Plant,Indoor,24.3,40.4,27,1
2026-07-30 21:17:24,Snake Plant,Indoor,24.3,40.3,26,1
2026-07-30 21:17:29,Snake Plant,Indoor,24.3,40.4,26,1
2026-07-30 21:17:34,Snake Plant,Indoor,24.3,40.5,25,1
2026-07-30 21:17:39,Snake Plant,Indoor,24.3,40.4,26,1
2026-07-30 21:17:44,Snake Plant,Indoor,24.3,40.4,26,1
2026-07-30 21:17:49,Snake Plant,Indoor,24.3,40.3,26,1
2026-07-30 21:17:54,Snake Plant,Indoor,24.3,40.3,26,1
2026-07-30 21:17:59,Snake Plant,Indoor,24.3,40.4,26,1
2026-07-30 21:18:04,Snake Plant,Indoor,24.2,40.4,25,1
2026-07-30 21:18:09,Snake Plant,Indoor,24.2,40.5,25,1
2026-07-30 21:18:14,Snake Plant,Indoor,24.2,40.5,25,1
2026-07-30 21:18:19,Snake Plant,Indoor,24.2,40.6,25,1
2026-07-30 21:19:21,Snake Plant,Indoor,24.2,40.3,30,0
2026-07-30 21:19:26,Snake Plant,Indoor,24.2,40.3,29,1
2026-07-30 21:19:31,Snake Plant,Indoor,24.2,40.3,28,1
2026-07-30 21:19:36,Snake Plant,Indoor,24.2,40.4,27,1
2026-07-30 21:19:41,Snake Plant,Indoor,24.2,40.4,28,1
2026-07-30 21:19:46,Snake Plant,Indoor,24.2,40.5,26,1
2026-07-30 21:19:51,Snake Plant,Indoor,24.2,40.5,25,1
2026-07-30 21:19:56,Snake Plant,Indoor,24.2,40.6,25,1
2026-07-30 21:20:26,Snake Plant,Indoor,24.2,41.6,29,1
2026-07-30 21:20:31,Snake Plant,Indoor,24.2,41.7,29,1
2026-07-30 21:20:36,Snake Plant,Indoor,24.2,41.6,27,1
2026-07-30 21:20:41,Snake Plant,Indoor,24.2,41.6,29,1
2026-07-30 21:20:46,Snake Plant,Indoor,24.2,41.6,27,1
2026-07-30 21:20:51,Snake Plant,Indoor,24.2,41.6,28,1
2026-07-30 21:20:56,Snake Plant,Indoor,24.2,41.5,27,1
2026-07-30 21:21:01,Snake Plant,Indoor,24.2,41.5,27,1
2026-07-30 21:21:06,Snake Plant,Indoor,24.2,41.5,27,1
2026-07-30 21:21:12,Snake Plant,Indoor,24.2,41.4,26,1
2026-07-30 21:21:17,Snake Plant,Indoor,24.2,41.4,26,1
2026-07-30 21:21:22,Snake Plant,Indoor,24.2,41.5,26,1
2026-07-30 21:21:27,Snake Plant,Indoor,24.2,41.5,26,1
2026-07-30 21:21:32,Snake Plant,Indoor,24.2,41.5,27,1
2026-07-30 21:21:37,Snake Plant,Indoor,24.2,41.6,26,1
2026-07-30 21:21:42,Snake Plant,Indoor,24.2,41.9,26,1
2026-07-30 21:21:47,Snake Plant,Indoor,24.2,42.2,28,1
2026-07-30 21:21:52,Snake Plant,Indoor,24.2,42.3,25,1
2026-07-30 21:21:57,Snake Plant,Indoor,24.2,42.5,25,1
2026-07-30 21:30:30,Snake Plant,Indoor,25.8,43.6,30,0
2026-07-30 21:30:35,Snake Plant,Indoor,25.8,43.6,30,0
2026-07-30 21:30:40,Snake Plant,Indoor,25.8,43.5,31,0
2026-07-30 21:30:45,Snake Plant,Indoor,25.8,43.5,29,1
2026-07-30 21:30:50,Snake Plant,Indoor,25.8,43.5,29,1
2026-07-30 21:30:55,Snake Plant,Indoor,25.8,43.6,30,0
2026-07-30 21:31:00,Snake Plant,Indoor,25.8,43.6,29,1
2026-07-30 21:31:05,Snake Plant,Indoor,25.8,43.6,29,1
2026-07-30 21:31:10,Snake Plant,Indoor,25.8,43.6,29,1
2026-07-30 21:31:15,Snake Plant,Indoor,25.8,43.6,29,1
2026-07-30 21:31:20,Snake Plant,Indoor,25.8,43.7,28,1
2026-07-30 21:31:25,Snake Plant,Indoor,25.8,43.6,29,1
2026-07-30 21:31:30,Snake Plant,Indoor,25.9,43.6,29,1
2026-07-30 21:31:36,Snake Plant,Indoor,25.9,43.6,28,1
2026-07-30 21:31:41,Snake Plant,Indoor,25.9,43.6,28,1
2026-07-30 21:31:46,Snake Plant,Indoor,25.9,43.6,27,1
2026-07-30 21:31:51,Snake Plant,Indoor,25.9,43.7,28,1
2026-07-30 21:31:56,Snake Plant,Indoor,25.9,43.7,28,1
2026-07-30 21:32:01,Snake Plant,Indoor,25.9,43.7,28,1
2026-07-30 21:32:06,Snake Plant,Indoor,25.9,43.7,27,1
2026-07-30 21:32:11,Snake Plant,Indoor,25.9,43.8,28,1
2026-07-30 21:32:16,Snake Plant,Indoor,25.9,43.8,28,1
2026-07-30 21:32:21,Snake Plant,Indoor,25.9,43.8,27,1
2026-07-30 21:32:26,Snake Plant,Indoor,25.9,43.8,28,1
2026-07-30 21:32:31,Snake Plant,Indoor,26.0,43.7,28,1
2026-07-30 21:32:36,Snake Plant,Indoor,26.0,43.6,28,1
2026-07-30 21:32:41,Snake Plant,Indoor,26.0,43.7,28,1
2026-07-30 21:32:46,Snake Plant,Indoor,26.0,43.7,27,1
2026-07-30 21:32:51,Snake Plant,Indoor,26.0,43.7,28,1
2026-07-30 21:32:56,Snake Plant,Indoor,26.0,43.7,27,1
2026-07-30 21:33:01,Snake Plant,Indoor,26.0,43.8,27,1
2026-07-30 21:33:06,Snake Plant,Indoor,26.0,43.7,28,1
2026-07-30 21:33:11,Snake Plant,Indoor,26.0,43.8,27,1
2026-07-30 21:33:16,Snake Plant,Indoor,26.0,43.8,28,1
2026-07-30 21:33:21,Snake Plant,Indoor,26.0,43.9,28,1
2026-07-30 21:33:26,Snake Plant,Indoor,26.0,43.9,27,1
2026-07-30 21:33:31,Snake Plant,Indoor,26.0,44.0,27,1
2026-07-30 21:33:36,Snake Plant,Indoor,26.1,44.0,28,1
2026-07-30 21:33:41,Snake Plant,Indoor,26.1,44.1,28,1
2026-07-30 21:33:47,Snake Plant,Indoor,26.1,44.2,27,1
2026-07-30 21:33:52,Snake Plant,Indoor,26.1,44.2,27,1
2026-07-30 21:33:57,Snake Plant,Indoor,26.1,44.2,28,1
2026-07-30 21:34:02,Snake Plant,Indoor,26.1,44.3,28,1
2026-07-30 21:34:07,Snake Plant,Indoor,26.1,44.4,27,1
2026-07-30 21:34:12,Snake Plant,Indoor,26.1,44.4,28,1
2026-07-30 21:34:17,Snake Plant,Indoor,26.1,44.6,28,1
2026-07-30 21:34:22,Snake Plant,Indoor,26.2,44.6,27,1
2026-07-30 21:34:27,Snake Plant,Indoor,26.2,44.7,27,1
2026-07-30 21:34:32,Snake Plant,Indoor,26.2,44.7,28,1
2026-07-30 21:34:37,Snake Plant,Indoor,26.2,44.7,28,1
2026-07-30 21:34:42,Snake Plant,Indoor,26.2,44.8,28,1
2026-07-30 21:34:47,Snake Plant,Indoor,26.2,44.8,27,1
2026-07-30 21:34:52,Snake Plant,Indoor,26.2,44.8,26,1
2026-07-30 21:34:57,Snake Plant,Indoor,26.2,44.9,27,1
2026-07-30 21:35:02,Snake Plant,Indoor,26.2,45.1,27,1
2026-07-30 21:35:07,Snake Plant,Indoor,26.3,45.2,28,1
2026-07-30 21:35:12,Snake Plant,Indoor,26.3,45.3,28,1
2026-07-30 21:35:17,Snake Plant,Indoor,26.3,45.3,28,1
2026-07-30 21:35:22,Snake Plant,Indoor,26.3,45.4,28,1
2026-07-30 21:35:27,Snake Plant,Indoor,26.3,45.5,27,1
2026-07-30 21:35:32,Snake Plant,Indoor,26.3,45.6,27,1
2026-07-30 21:35:37,Snake Plant,Indoor,26.3,45.5,28,1
2026-07-30 21:35:42,Snake Plant,Indoor,26.3,45.6,27,1
2026-07-30 21:36:09,Snake Plant,Indoor,26.4,45.6,28,1
2026-07-30 21:36:14,Snake Plant,Indoor,26.4,45.7,27,1
2026-07-30 21:36:19,Snake Plant,Indoor,26.4,45.8,27,1
2026-07-30 21:36:24,Snake Plant,Indoor,26.4,45.9,28,1
2026-07-30 21:36:29,Snake Plant,Indoor,26.4,46.0,27,1
2026-07-30 21:36:34,Snake Plant,Indoor,26.4,46.0,28,1
2026-07-30 21:36:39,Snake Plant,Indoor,26.4,45.9,27,1
2026-07-30 21:36:44,Snake Plant,Indoor,26.4,46.0,27,1
2026-07-30 21:36:49,Snake Plant,Indoor,26.4,46.0,27,1
2026-07-30 21:36:54,Snake Plant,Indoor,26.4,45.9,28,1
2026-07-30 21:36:59,Snake Plant,Indoor,26.4,46.0,28,1
2026-07-30 21:37:04,Snake Plant,Indoor,26.4,46.1,27,1
2026-07-30 21:37:09,Snake Plant,Indoor,26.4,46.1,28,1
2026-07-30 21:37:15,Snake Plant,Indoor,26.4,46.2,27,1
2026-07-30 21:37:20,Snake Plant,Indoor,26.4,46.2,27,1
2026-07-30 21:37:25,Snake Plant,Indoor,26.5,46.1,29,1
2026-07-30 21:37:30,Snake Plant,Indoor,26.5,46.1,29,1
2026-07-30 21:37:35,Snake Plant,Indoor,26.5,46.2,29,1
2026-07-30 21:37:40,Snake Plant,Indoor,26.5,46.2,28,1
2026-07-30 21:37:45,Snake Plant,Indoor,26.5,46.2,28,1
2026-07-30 21:37:50,Snake Plant,Indoor,26.5,46.2,28,1
2026-07-30 21:37:55,Snake Plant,Indoor,26.5,46.2,28,1
2026-07-30 21:38:00,Snake Plant,Indoor,26.5,46.2,27,1
2026-07-30 21:38:05,Snake Plant,Indoor,26.5,46.3,29,1
2026-07-30 21:38:10,Snake Plant,Indoor,26.5,46.3,28,1
2026-07-30 21:38:15,Snake Plant,Indoor,26.5,46.3,28,1
2026-07-30 21:38:20,Snake Plant,Indoor,26.6,46.3,28,1
2026-07-30 21:38:25,Snake Plant,Indoor,26.6,46.3,27,1
2026-07-30 21:38:30,Snake Plant,Indoor,26.6,46.3,29,1
2026-07-30 21:38:35,Snake Plant,Indoor,26.6,46.3,29,1
2026-07-30 21:38:40,Snake Plant,Indoor,26.6,46.3,28,1
2026-07-30 21:38:45,Snake Plant,Indoor,26.6,46.3,29,1
2026-07-30 21:38:50,Snake Plant,Indoor,26.6,46.3,28,1
2026-07-30 21:38:55,Snake Plant,Indoor,26.6,46.3,28,1
2026-07-30 21:39:00,Snake Plant,Indoor,26.6,46.4,29,1
2026-07-30 21:39:05,Snake Plant,Indoor,26.6,46.4,29,1
2026-07-30 21:39:10,Snake Plant,Indoor,26.6,46.4,29,1
2026-07-30 21:39:16,Snake Plant,Indoor,26.6,46.4,28,1
2026-07-30 21:39:21,Snake Plant,Indoor,26.7,46.4,30,0
2026-07-30 21:39:26,Snake Plant,Indoor,26.7,46.4,29,1
2026-07-30 21:39:31,Snake Plant,Indoor,26.7,46.4,28,1
2026-07-30 21:39:36,Snake Plant,Indoor,26.7,46.4,28,1
2026-07-30 21:39:41,Snake Plant,Indoor,26.6,46.5,29,1
2026-07-30 21:39:46,Snake Plant,Indoor,26.7,46.6,28,1
2026-07-30 21:39:51,Snake Plant,Indoor,26.7,46.6,28,1
2026-07-30 21:39:56,Snake Plant,Indoor,26.7,46.7,29,1
2026-07-30 21:40:01,Snake Plant,Indoor,26.7,46.7,31,0
2026-07-30 21:40:06,Snake Plant,Indoor,26.7,46.7,29,1
2026-07-30 21:40:11,Snake Plant,Indoor,26.7,46.8,29,1
2026-07-30 21:40:16,Snake Plant,Indoor,26.7,46.9,28,1
2026-07-30 21:40:21,Snake Plant,Indoor,26.7,46.9,29,1
2026-07-30 21:40:26,Snake Plant,Indoor,26.7,46.9,29,1
2026-07-30 21:40:31,Snake Plant,Indoor,26.7,47.0,29,1
2026-07-30 21:40:36,Snake Plant,Indoor,26.7,47.0,29,1
2026-07-30 21:40:41,Snake Plant,Indoor,26.7,47.0,30,0
2026-07-30 21:40:46,Snake Plant,Indoor,26.7,47.1,29,1
2026-07-30 21:40:51,Snake Plant,Indoor,26.7,47.1,30,0
2026-07-30 21:40:56,Snake Plant,Indoor,26.8,47.0,29,1
2026-07-30 21:41:01,Snake Plant,Indoor,26.8,47.1,31,0
2026-07-30 21:41:06,Snake Plant,Indoor,26.8,47.2,29,1
2026-07-30 21:41:12,Snake Plant,Indoor,26.8,47.3,30,0
2026-07-30 21:41:17,Snake Plant,Indoor,26.8,47.4,30,0
2026-07-30 21:41:22,Snake Plant,Indoor,26.8,47.5,30,0
2026-07-30 21:41:27,Snake Plant,Indoor,26.8,47.5,30,0
2026-07-30 21:41:32,Snake Plant,Indoor,26.8,47.5,30,0
2026-07-30 21:41:37,Snake Plant,Indoor,26.8,47.4,29,1
2026-07-30 21:41:42,Snake Plant,Indoor,26.8,47.4,30,0
2026-07-30 21:41:47,Snake Plant,Indoor,26.9,47.3,29,1
2026-07-30 21:41:52,Snake Plant,Indoor,26.9,47.4,29,1
2026-07-30 21:41:57,Snake Plant,Indoor,26.8,47.4,29,1
2026-07-30 21:42:02,Snake Plant,Indoor,26.9,47.4,30,0
2026-07-30 21:42:07,Snake Plant,Indoor,26.9,47.4,30,0
2026-07-30 21:42:12,Snake Plant,Indoor,26.9,47.4,29,1
2026-07-30 21:42:17,Snake Plant,Indoor,26.9,47.5,30,0
2026-07-30 21:42:22,Snake Plant,Indoor,26.9,47.5,30,0
2026-07-30 21:42:27,Snake Plant,Indoor,26.9,47.5,29,1
2026-07-30 21:42:32,Snake Plant,Indoor,26.9,47.5,30,0
2026-07-30 21:42:37,Snake Plant,Indoor,26.9,47.6,30,0
2026-07-30 21:42:42,Snake Plant,Indoor,26.9,47.6,30,0
2026-07-30 21:42:47,Snake Plant,Indoor,26.9,47.6,29,1
2026-07-30 21:42:52,Snake Plant,Indoor,26.9,47.6,30,0
2026-07-30 21:42:57,Snake Plant,Indoor,26.9,47.6,30,0
2026-07-30 21:43:02,Snake Plant,Indoor,26.9,47.6,29,1
2026-07-30 21:43:07,Snake Plant,Indoor,26.9,47.6,30,0
2026-07-30 21:43:13,Snake Plant,Indoor,27.0,47.5,30,0
2026-07-30 21:43:18,Snake Plant,Indoor,27.0,47.7,30,0
2026-07-30 21:43:23,Snake Plant,Indoor,27.0,47.6,30,0
2026-07-30 21:43:28,Snake Plant,Indoor,27.0,47.6,31,0
2026-07-30 21:43:33,Snake Plant,Indoor,27.0,47.6,30,0
2026-07-30 21:43:38,Snake Plant,Indoor,27.0,47.6,30,0
2026-07-30 21:46:31,Snake Plant,Indoor,27.2,48.0,30,0
2026-07-30 21:46:36,Snake Plant,Indoor,27.2,48.0,31,0
2026-07-30 21:46:41,Snake Plant,Indoor,27.2,48.0,30,0
2026-07-30 21:46:46,Snake Plant,Indoor,27.2,48.0,30,0
2026-07-30 21:46:51,Snake Plant,Indoor,27.2,48.0,31,0
2026-07-30 21:46:56,Snake Plant,Indoor,27.2,48.0,31,0
2026-07-30 21:47:01,Snake Plant,Indoor,27.2,48.1,30,0
2026-07-30 21:47:06,Snake Plant,Indoor,27.2,48.1,31,0
2026-07-30 21:47:11,Snake Plant,Indoor,27.2,48.1,31,0
2026-07-30 21:47:16,Snake Plant,Indoor,27.2,48.1,30,0
2026-07-30 21:47:21,Snake Plant,Indoor,27.2,48.1,30,0
2026-07-30 21:47:26,Snake Plant,Indoor,27.2,48.1,30,0
2026-07-30 21:47:32,Snake Plant,Indoor,27.2,48.1,30,0
2026-07-30 21:47:37,Snake Plant,Indoor,27.2,48.1,30,0
