CROP TYPE,SOIL TYPE,REGION,WEATHER CONDITION,TEMP_MIN,TEMP_MAX,WATER REQUIREMENT
POTATO,DRY,DESERT,NORMAL,10,20,8.5
POTATO,DRY,DESERT,SUNNY,10,20,10.0
POTATO,DRY,DESERT,WINDY,10,20,9.5
POTATO,DRY,DESERT,RAINY,10,20,0.5
POTATO,DRY,DESERT,NORMAL,20,30,9.5
POTATO,DRY,DESERT,SUNNY,20,30,11.0
POTATO,DRY,DESERT,WINDY,20,30,10.5
POTATO,DRY,DESERT,RAINY,20,30,1.5
POTATO,DRY,DESERT,NORMAL,30,40,10.7
POTATO,DRY,DESERT,SUNNY,30,40,12.2
POTATO,DRY,DESERT,WINDY,30,40,11.7
POTATO,DRY,DESERT,RAINY,30,40,2.7
POTATO,DRY,DESERT,NORMAL,40,50,11.6
POTATO,DRY,DESERT,SUNNY,40,50,13.1
POTATO,DRY,DESERT,WINDY,40,50,12.6
POTATO,DRY,DESERT,RAINY,40,50,3.6
POTATO,DRY,SEMI ARID,NORMAL,10,20,7.8
POTATO,DRY,SEMI ARID,SUNNY,10,20,9.3
POTATO,DRY,SEMI ARID,WINDY,10,20,8.8
POTATO,DRY,SEMI ARID,RAINY,10,20,0.8
POTATO,DRY,SEMI ARID,NORMAL,20,30,8.8
POTATO,DRY,SEMI ARID,SUNNY,20,30,10.3
POTATO,DRY,SEMI ARID,WINDY,20,30,9.8
POTATO,DRY,SEMI ARID,RAINY,20,30,0.8
POTATO,DRY,SEMI ARID,NORMAL,30,40,9.8
POTATO,DRY,SEMI ARID,SUNNY,30,40,11.3
POTATO,DRY,SEMI ARID,WINDY,30,40,10.8
POTATO,DRY,SEMI ARID,RAINY,30,40,1.8
POTATO,DRY,SEMI ARID,NORMAL,40,50,10.9
POTATO,DRY,SEMI ARID,SUNNY,40,50,12.4
POTATO,DRY,SEMI ARID,WINDY,40,50,11.8
POTATO,DRY,SEMI ARID,RAINY,40,50,2.9
POTATO,DRY,SEMI HUMID,NORMAL,10,20,6.75
POTATO,DRY,SEMI HUMID,SUNNY,10,20,8.25
POTATO,DRY,SEMI HUMID,WINDY,10,20,7.75
POTATO,DRY,SEMI HUMID,RAINY,10,20,0.25
POTATO,DRY,SEMI HUMID,NORMAL,20,30,7.75
POTATO,DRY,SEMI HUMID,SUNNY,20,30,9.25
POTATO,DRY,SEMI HUMID,WINDY,20,30,8.75
POTATO,DRY,SEMI HUMID,RAINY,20,30,0.8
POTATO,DRY,SEMI HUMID,NORMAL,30,40,8.8
POTATO,DRY,SEMI HUMID,SUNNY,30,40,10.3
POTATO,DRY,SEMI HUMID,WINDY,30,40,9.8
POTATO,DRY,SEMI HUMID,RAINY,30,40,0.8
POTATO,DRY,SEMI HUMID,NORMAL,40,50,9.75
POTATO,DRY,SEMI HUMID,SUNNY,40,50,11.25
POTATO,DRY,SEMI HUMID,WINDY,40,50,10.75
POTATO,DRY,SEMI HUMID,RAINY,40,50,1.75
POTATO,DRY,HUMID,NORMAL,10,20,5.45
POTATO,DRY,HUMID,SUNNY,10,20,6.95
POTATO,DRY,HUMID,WINDY,10,20,6.45
POTATO,DRY,HUMID,RAINY,10,20,0.3
POTATO,DRY,HUMID,NORMAL,20,30,6.5
POTATO,DRY,HUMID,SUNNY,20,30,8.0
POTATO,DRY,HUMID,WINDY,20,30,7.5
POTATO,DRY,HUMID,RAINY,20,30,0.5
POTATO,DRY,HUMID,NORMAL,30,40,7.6
POTATO,DRY,HUMID,SUNNY,30,40,9.1
POTATO,DRY,HUMID,WINDY,30,40,8.6
POTATO,DRY,HUMID,RAINY,30,40,0.8
POTATO,DRY,HUMID,NORMAL,40,50,8.5
POTATO,DRY,HUMID,SUNNY,40,50,10.0
POTATO,DRY,HUMID,WINDY,40,50,9.5
POTATO,DRY,HUMID,RAINY,40,50,0.5
POTATO,HUMID,DESERT,NORMAL,10,20,6.7
POTATO,HUMID,DESERT,SUNNY,10,20,8.2
POTATO,HUMID,DESERT,WINDY,10,20,7.7
POTATO,HUMID,DESERT,RAINY,10,20,0.5
POTATO,HUMID,DESERT,NORMAL,20,30,7.7
POTATO,HUMID,DESERT,SUNNY,20,30,9.2
POTATO,HUMID,DESERT,WINDY,20,30,8.7
POTATO,HUMID,DESERT,RAINY,20,30,0.8
POTATO,HUMID,DESERT,NORMAL,30,40,8.7
POTATO,HUMID,DESERT,SUNNY,30,40,10.2
POTATO,HUMID,DESERT,WINDY,30,40,9.7
POTATO,HUMID,DESERT,RAINY,30,40,0.7
POTATO,HUMID,DESERT,NORMAL,40,50,9.5
POTATO,HUMID,DESERT,SUNNY,40,50,11.0
POTATO,HUMID,DESERT,WINDY,40,50,10.5
POTATO,HUMID,DESERT,RAINY,40,50,1.5
POTATO,HUMID,SEMI ARID,NORMAL,10,20,5.62
POTATO,HUMID,SEMI ARID,SUNNY,10,20,7.12
POTATO,HUMID,SEMI ARID,WINDY,10,20,6.62
POTATO,HUMID,SEMI ARID,RAINY,10,20,0.3
POTATO,HUMID,SEMI ARID,NORMAL,20,30,6.62
POTATO,HUMID,SEMI ARID,SUNNY,20,30,8.12
POTATO,HUMID,SEMI ARID,WINDY,20,30,7.62
POTATO,HUMID,SEMI ARID,RAINY,20,30,0.5
POTATO,HUMID,SEMI ARID,NORMAL,30,40,7.7
POTATO,HUMID,SEMI ARID,SUNNY,30,40,9.2
POTATO,HUMID,SEMI ARID,WINDY,30,40,8.7
POTATO,HUMID,SEMI ARID,RAINY,30,40,0.8
POTATO,HUMID,SEMI ARID,NORMAL,40,50,8.6
POTATO,HUMID,SEMI ARID,SUNNY,40,50,10.1
POTATO,HUMID,SEMI ARID,WINDY,40,50,9.6
POTATO,HUMID,SEMI ARID,RAINY,40,50,2.1
POTATO,HUMID,SEMI HUMID,NORMAL,10,20,4.6
POTATO,HUMID,SEMI HUMID,SUNNY,10,20,6.1
POTATO,HUMID,SEMI HUMID,WINDY,10,20,5.6
POTATO,HUMID,SEMI HUMID,RAINY,10,20,0.2
POTATO,HUMID,SEMI HUMID,NORMAL,20,30,5.5
POTATO,HUMID,SEMI HUMID,SUNNY,20,30,7.0
POTATO,HUMID,SEMI HUMID,WINDY,20,30,6.5
POTATO,HUMID,SEMI HUMID,RAINY,20,30,0.3
POTATO,HUMID,SEMI HUMID,NORMAL,30,40,6.5
POTATO,HUMID,SEMI HUMID,SUNNY,30,40,8.0
POTATO,HUMID,SEMI HUMID,WINDY,30,40,7.5
POTATO,HUMID,SEMI HUMID,RAINY,30,40,0.5
POTATO,HUMID,SEMI HUMID,NORMAL,40,50,7.5
POTATO,HUMID,SEMI HUMID,SUNNY,40,50,9.0
POTATO,HUMID,SEMI HUMID,WINDY,40,50,8.5
POTATO,HUMID,SEMI HUMID,RAINY,40,50,0.8
POTATO,HUMID,HUMID,NORMAL,10,20,3.65
POTATO,HUMID,HUMID,SUNNY,10,20,5.15
POTATO,HUMID,HUMID,WINDY,10,20,4.65
POTATO,HUMID,HUMID,RAINY,10,20,0.1
POTATO,HUMID,HUMID,NORMAL,20,30,4.65
POTATO,HUMID,HUMID,SUNNY,20,30,6.15
POTATO,HUMID,HUMID,WINDY,20,30,5.65
POTATO,HUMID,HUMID,RAINY,20,30,0.2
POTATO,HUMID,HUMID,NORMAL,30,40,5.0
POTATO,HUMID,HUMID,SUNNY,30,40,6.5
POTATO,HUMID,HUMID,WINDY,30,40,6.0
POTATO,HUMID,HUMID,RAINY,30,40,0.3
POTATO,HUMID,HUMID,NORMAL,40,50,5.15
POTATO,HUMID,HUMID,SUNNY,40,50,6.95
POTATO,HUMID,HUMID,WINDY,40,50,6.15
POTATO,HUMID,HUMID,RAINY,40,50,0.3
POTATO,WET,DESERT,NORMAL,10,20,5.15
POTATO,WET,DESERT,SUNNY,10,20,6.95
POTATO,WET,DESERT,WINDY,10,20,6.15
POTATO,WET,DESERT,RAINY,10,20,0.3
POTATO,WET,DESERT,NORMAL,20,30,6.15
POTATO,WET,DESERT,SUNNY,20,30,7.65
POTATO,WET,DESERT,WINDY,20,30,7.15
POTATO,WET,DESERT,RAINY,20,30,0.5
POTATO,WET,DESERT,NORMAL,30,40,7.15
POTATO,WET,DESERT,SUNNY,30,40,8.65
POTATO,WET,DESERT,WINDY,30,40,8.15
POTATO,WET,DESERT,RAINY,30,40,0.8
POTATO,WET,DESERT,NORMAL,40,50,8.15
POTATO,WET,DESERT,SUNNY,40,50,9.65
POTATO,WET,DESERT,WINDY,40,50,9.15
POTATO,WET,DESERT,RAINY,40,50,0.15
POTATO,WET,SEMI ARID,NORMAL,10,20,4.37
POTATO,WET,SEMI ARID,SUNNY,10,20,5.87
POTATO,WET,SEMI ARID,WINDY,10,20,5.37
POTATO,WET,SEMI ARID,RAINY,10,20,0.2
POTATO,WET,SEMI ARID,NORMAL,20,30,5.3
POTATO,WET,SEMI ARID,SUNNY,20,30,6.8
POTATO,WET,SEMI ARID,WINDY,20,30,6.3
POTATO,WET,SEMI ARID,RAINY,20,30,0.3
POTATO,WET,SEMI ARID,NORMAL,30,40,6.3
POTATO,WET,SEMI ARID,SUNNY,30,40,7.8
POTATO,WET,SEMI ARID,WINDY,30,40,7.3
POTATO,WET,SEMI ARID,RAINY,30,40,0.5
POTATO,WET,SEMI ARID,NORMAL,40,50,7.2
POTATO,WET,SEMI ARID,SUNNY,40,50,8.7
POTATO,WET,SEMI ARID,WINDY,40,50,8.2
POTATO,WET,SEMI ARID,RAINY,40,50,0.8
POTATO,WET,SEMI HUMID,NORMAL,10,20,3.345
POTATO,WET,SEMI HUMID,SUNNY,10,20,4.845
POTATO,WET,SEMI HUMID,WINDY,10,20,4.345
POTATO,WET,SEMI HUMID,RAINY,10,20,0.1
POTATO,WET,SEMI HUMID,NORMAL,20,30,4.4
POTATO,WET,SEMI HUMID,SUNNY,20,30,5.9
POTATO,WET,SEMI HUMID,WINDY,20,30,5.4
POTATO,WET,SEMI HUMID,RAINY,20,30,0.2
POTATO,WET,SEMI HUMID,NORMAL,30,40,5.54
POTATO,WET,SEMI HUMID,SUNNY,30,40,7.04
POTATO,WET,SEMI HUMID,WINDY,30,40,6.54
POTATO,WET,SEMI HUMID,RAINY,30,40,0.3
POTATO,WET,SEMI HUMID,NORMAL,40,50,6.52
POTATO,WET,SEMI HUMID,SUNNY,40,50,8.02
POTATO,WET,SEMI HUMID,WINDY,40,50,7.52
POTATO,WET,SEMI HUMID,RAINY,40,50,0.5
POTATO,WET,HUMID,NORMAL,10,20,2.06
POTATO,WET,HUMID,SUNNY,10,20,3.56
POTATO,WET,HUMID,WINDY,10,20,3.06
POTATO,WET,HUMID,RAINY,10,20,0.1
POTATO,WET,HUMID,NORMAL,20,30,3.0
POTATO,WET,HUMID,SUNNY,20,30,4.5
POTATO,WET,HUMID,WINDY,20,30,4.0
POTATO,WET,HUMID,RAINY,20,30,0.1
POTATO,WET,HUMID,NORMAL,30,40,4.1
POTATO,WET,HUMID,SUNNY,30,40,5.6
POTATO,WET,HUMID,WINDY,30,40,5.1
POTATO,WET,HUMID,RAINY,30,40,0.2
POTATO,WET,HUMID,NORMAL,40,50,5.15
POTATO,WET,HUMID,SUNNY,40,50,6.65
POTATO,WET,HUMID,WINDY,40,50,6.15
POTATO,WET,HUMID,RAINY,40,50,0.3
WHEAT,DRY,DESERT,NORMAL,10,20,10.54
WHEAT,DRY,DESERT,SUNNY,10,20,12.0
WHEAT,DRY,DESERT,WINDY,10,20,11.54
WHEAT,DRY,DESERT,RAINY,10,20,2.54
WHEAT,DRY,DESERT,NORMAL,20,30,11.5
WHEAT,DRY,DESERT,SUNNY,20,30,13.0
WHEAT,DRY,DESERT,WINDY,20,30,12.5
WHEAT,DRY,DESERT,RAINY,20,30,3.5
WHEAT,DRY,DESERT,NORMAL,30,40,12.4
WHEAT,DRY,DESERT,SUNNY,30,40,14.0
WHEAT,DRY,DESERT,WINDY,30,40,13.4
WHEAT,DRY,DESERT,RAINY,30,40,4.4
WHEAT,DRY,DESERT,NORMAL,40,50,13.6
WHEAT,DRY,DESERT,SUNNY,40,50,15.0
WHEAT,DRY,DESERT,WINDY,40,50,14.6
WHEAT,DRY,DESERT,RAINY,40,50,5.6
WHEAT,DRY,SEMI ARID,NORMAL,10,20,9.6
WHEAT,DRY,SEMI ARID,SUNNY,10,20,11.0
WHEAT,DRY,SEMI ARID,WINDY,10,20,10.6
WHEAT,DRY,SEMI ARID,RAINY,10,20,1.6
WHEAT,DRY,SEMI ARID,NORMAL,20,30,10.7
WHEAT,DRY,SEMI ARID,SUNNY,20,30,12.2
WHEAT,DRY,SEMI ARID,WINDY,20,30,11.7
WHEAT,DRY,SEMI ARID,RAINY,20,30,2.7
WHEAT,DRY,SEMI ARID,NORMAL,30,40,11.6
WHEAT,DRY,SEMI ARID,SUNNY,30,40,13.1
WHEAT,DRY,SEMI ARID,WINDY,30,40,12.6
WHEAT,DRY,SEMI ARID,RAINY,30,40,3.6
WHEAT,DRY,SEMI ARID,NORMAL,40,50,12.5
WHEAT,DRY,SEMI ARID,SUNNY,40,50,14.0
WHEAT,DRY,SEMI ARID,WINDY,40,50,13.5
WHEAT,DRY,SEMI ARID,RAINY,40,50,4.5
WHEAT,DRY,SEMI HUMID,NORMAL,10,20,8.4
WHEAT,DRY,SEMI HUMID,SUNNY,10,20,9.9
WHEAT,DRY,SEMI HUMID,WINDY,10,20,9.4
WHEAT,DRY,SEMI HUMID,RAINY,10,20,0.4
WHEAT,DRY,SEMI HUMID,NORMAL,20,30,9.5
WHEAT,DRY,SEMI HUMID,SUNNY,20,30,11.0
WHEAT,DRY,SEMI HUMID,WINDY,20,30,10.5
WHEAT,DRY,SEMI HUMID,RAINY,20,30,1.5
WHEAT,DRY,SEMI HUMID,NORMAL,30,40,10.4
WHEAT,DRY,SEMI HUMID,SUNNY,30,40,11.9
WHEAT,DRY,SEMI HUMID,WINDY,30,40,11.4
WHEAT,DRY,SEMI HUMID,RAINY,30,40,2.4
WHEAT,DRY,SEMI HUMID,NORMAL,40,50,11.35
WHEAT,DRY,SEMI HUMID,SUNNY,40,50,12.85
WHEAT,DRY,SEMI HUMID,WINDY,40,50,12.35
WHEAT,DRY,SEMI HUMID,RAINY,40,50,3.3
WHEAT,DRY,HUMID,NORMAL,10,20,6.9
WHEAT,DRY,HUMID,SUNNY,10,20,8.4
WHEAT,DRY,HUMID,WINDY,10,20,7.9
WHEAT,DRY,HUMID,RAINY,10,20,0.5
WHEAT,DRY,HUMID,NORMAL,20,30,7.82
WHEAT,DRY,HUMID,SUNNY,20,30,9.32
WHEAT,DRY,HUMID,WINDY,20,30,8.82
WHEAT,DRY,HUMID,RAINY,20,30,0.8
WHEAT,DRY,HUMID,NORMAL,30,40,8.85
WHEAT,DRY,HUMID,SUNNY,30,40,10.35
WHEAT,DRY,HUMID,WINDY,30,40,9.85
WHEAT,DRY,HUMID,RAINY,30,40,0.85
WHEAT,DRY,HUMID,NORMAL,40,50,9.7
WHEAT,DRY,HUMID,SUNNY,40,50,11.2
WHEAT,DRY,HUMID,WINDY,40,50,10.7
WHEAT,DRY,HUMID,RAINY,40,50,1.7
WHEAT,HUMID,DESERT,NORMAL,10,20,8.06
WHEAT,HUMID,DESERT,SUNNY,10,20,9.56
WHEAT,HUMID,DESERT,WINDY,10,20,9.0
WHEAT,HUMID,DESERT,RAINY,10,20,0.1
WHEAT,HUMID,DESERT,NORMAL,20,30,9.1
WHEAT,HUMID,DESERT,SUNNY,20,30,10.6
WHEAT,HUMID,DESERT,WINDY,20,30,10.1
WHEAT,HUMID,DESERT,RAINY,20,30,1.1
WHEAT,HUMID,DESERT,NORMAL,30,40,10.25
WHEAT,HUMID,DESERT,SUNNY,30,40,11.75
WHEAT,HUMID,DESERT,WINDY,30,40,11.25
WHEAT,HUMID,DESERT,RAINY,30,40,2.25
WHEAT,HUMID,DESERT,NORMAL,40,50,11.1
WHEAT,HUMID,DESERT,SUNNY,40,50,12.6
WHEAT,HUMID,DESERT,WINDY,40,50,12.1
WHEAT,HUMID,DESERT,RAINY,40,50,3.1
WHEAT,HUMID,SEMI ARID,NORMAL,10,20,7.15
WHEAT,HUMID,SEMI ARID,SUNNY,10,20,8.65
WHEAT,HUMID,SEMI ARID,WINDY,10,20,8.15
WHEAT,HUMID,SEMI ARID,RAINY,10,20,0.8
WHEAT,HUMID,SEMI ARID,NORMAL,20,30,8.1
WHEAT,HUMID,SEMI ARID,SUNNY,20,30,9.6
WHEAT,HUMID,SEMI ARID,WINDY,20,30,9.1
WHEAT,HUMID,SEMI ARID,RAINY,20,30,0.1
WHEAT,HUMID,SEMI ARID,NORMAL,30,40,9.2
WHEAT,HUMID,SEMI ARID,SUNNY,30,40,10.7
WHEAT,HUMID,SEMI ARID,WINDY,30,40,10.2
WHEAT,HUMID,SEMI ARID,RAINY,30,40,1.2
WHEAT,HUMID,SEMI ARID,NORMAL,40,50,10.1
WHEAT,HUMID,SEMI ARID,SUNNY,40,50,11.6
WHEAT,HUMID,SEMI ARID,WINDY,40,50,11.1
WHEAT,HUMID,SEMI ARID,RAINY,40,50,2.1
WHEAT,HUMID,SEMI HUMID,NORMAL,10,20,5.88
WHEAT,HUMID,SEMI HUMID,SUNNY,10,20,7.38
WHEAT,HUMID,SEMI HUMID,WINDY,10,20,6.88
WHEAT,HUMID,SEMI HUMID,RAINY,10,20,0.3
WHEAT,HUMID,SEMI HUMID,NORMAL,20,30,6.8
WHEAT,HUMID,SEMI HUMID,SUNNY,20,30,8.6
WHEAT,HUMID,SEMI HUMID,WINDY,20,30,7.8
WHEAT,HUMID,SEMI HUMID,RAINY,20,30,0.6
WHEAT,HUMID,SEMI HUMID,NORMAL,30,40,7.9
WHEAT,HUMID,SEMI HUMID,SUNNY,30,40,9.4
WHEAT,HUMID,SEMI HUMID,WINDY,30,40,8.9
WHEAT,HUMID,SEMI HUMID,RAINY,30,40,0.8
WHEAT,HUMID,SEMI HUMID,NORMAL,40,50,8.7
WHEAT,HUMID,SEMI HUMID,SUNNY,40,50,10.5
WHEAT,HUMID,SEMI HUMID,WINDY,40,50,9.7
WHEAT,HUMID,SEMI HUMID,RAINY,40,50,0.7
WHEAT,HUMID,HUMID,NORMAL,10,20,4.34
WHEAT,HUMID,HUMID,SUNNY,10,20,5.84
WHEAT,HUMID,HUMID,WINDY,10,20,5.34
WHEAT,HUMID,HUMID,RAINY,10,20,0.2
WHEAT,HUMID,HUMID,NORMAL,20,30,5.3
WHEAT,HUMID,HUMID,SUNNY,20,30,6.8
WHEAT,HUMID,HUMID,WINDY,20,30,6.3
WHEAT,HUMID,HUMID,RAINY,20,30,0.3
WHEAT,HUMID,HUMID,NORMAL,30,40,6.35
WHEAT,HUMID,HUMID,SUNNY,30,40,7.85
WHEAT,HUMID,HUMID,WINDY,30,40,7.35
WHEAT,HUMID,HUMID,RAINY,30,40,0.5
WHEAT,HUMID,HUMID,NORMAL,40,50,7.32
WHEAT,HUMID,HUMID,SUNNY,40,50,8.82
WHEAT,HUMID,HUMID,WINDY,40,50,8.32
WHEAT,HUMID,HUMID,RAINY,40,50,0.8
WHEAT,WET,DESERT,NORMAL,10,20,6.2
WHEAT,WET,DESERT,SUNNY,10,20,7.7
WHEAT,WET,DESERT,WINDY,10,20,7.2
WHEAT,WET,DESERT,RAINY,10,20,0.5
WHEAT,WET,DESERT,NORMAL,20,30,7.2
WHEAT,WET,DESERT,SUNNY,20,30,8.7
WHEAT,WET,DESERT,WINDY,20,30,8.2
WHEAT,WET,DESERT,RAINY,20,30,0.8
WHEAT,WET,DESERT,NORMAL,30,40,8.3
WHEAT,WET,DESERT,SUNNY,30,40,9.8
WHEAT,WET,DESERT,WINDY,30,40,9.3
WHEAT,WET,DESERT,RAINY,30,40,0.3
WHEAT,WET,DESERT,NORMAL,40,50,9.4
WHEAT,WET,DESERT,SUNNY,40,50,10.9
WHEAT,WET,DESERT,WINDY,40,50,10.4
WHEAT,WET,DESERT,RAINY,40,50,1.4
WHEAT,WET,SEMI ARID,NORMAL,10,20,5.3
WHEAT,WET,SEMI ARID,SUNNY,10,20,6.8
WHEAT,WET,SEMI ARID,WINDY,10,20,6.3
WHEAT,WET,SEMI ARID,RAINY,10,20,0.3
WHEAT,WET,SEMI ARID,NORMAL,20,30,6.25
WHEAT,WET,SEMI ARID,SUNNY,20,30,7.75
WHEAT,WET,SEMI ARID,WINDY,20,30,7.25
WHEAT,WET,SEMI ARID,RAINY,20,30,0.5
WHEAT,WET,SEMI ARID,NORMAL,30,40,7.35
WHEAT,WET,SEMI ARID,SUNNY,30,40,8.85
WHEAT,WET,SEMI ARID,WINDY,30,40,8.35
WHEAT,WET,SEMI ARID,RAINY,30,40,0.8
WHEAT,WET,SEMI ARID,NORMAL,40,50,8.34
WHEAT,WET,SEMI ARID,SUNNY,40,50,9.84
WHEAT,WET,SEMI ARID,WINDY,40,50,9.34
WHEAT,WET,SEMI ARID,RAINY,40,50,0.34
WHEAT,WET,SEMI HUMID,NORMAL,10,20,4.0
WHEAT,WET,SEMI HUMID,SUNNY,10,20,5.5
WHEAT,WET,SEMI HUMID,WINDY,10,20,5.0
WHEAT,WET,SEMI HUMID,RAINY,10,20,0.2
WHEAT,WET,SEMI HUMID,NORMAL,20,30,5.06
WHEAT,WET,SEMI HUMID,SUNNY,20,30,6.56
WHEAT,WET,SEMI HUMID,WINDY,20,30,6.06
WHEAT,WET,SEMI HUMID,RAINY,20,30,0.3
WHEAT,WET,SEMI HUMID,NORMAL,30,40,6.04
WHEAT,WET,SEMI HUMID,SUNNY,30,40,7.56
WHEAT,WET,SEMI HUMID,WINDY,30,40,7.06
WHEAT,WET,SEMI HUMID,RAINY,30,40,0.5
WHEAT,WET,SEMI HUMID,NORMAL,40,50,7.05
WHEAT,WET,SEMI HUMID,SUNNY,40,50,8.56
WHEAT,WET,SEMI HUMID,WINDY,40,50,8.05
WHEAT,WET,SEMI HUMID,RAINY,40,50,0.8
WHEAT,WET,HUMID,NORMAL,10,20,2.48
WHEAT,WET,HUMID,SUNNY,10,20,3.98
WHEAT,WET,HUMID,WINDY,10,20,3.48
WHEAT,WET,HUMID,RAINY,10,20,0.1
WHEAT,WET,HUMID,NORMAL,20,30,3.48
WHEAT,WET,HUMID,SUNNY,20,30,4.98
WHEAT,WET,HUMID,WINDY,20,30,4.48
WHEAT,WET,HUMID,RAINY,20,30,0.1
WHEAT,WET,HUMID,NORMAL,30,40,4.48
WHEAT,WET,HUMID,SUNNY,30,40,5.98
WHEAT,WET,HUMID,WINDY,30,40,5.48
WHEAT,WET,HUMID,RAINY,30,40,0.2
WHEAT,WET,HUMID,NORMAL,40,50,5.48
WHEAT,WET,HUMID,SUNNY,40,50,6.98
WHEAT,WET,HUMID,WINDY,40,50,6.48
WHEAT,WET,HUMID,RAINY,40,50,0.3
TOMATO,DRY,DESERT,NORMAL,10,20,6.12
TOMATO,DRY,DESERT,SUNNY,10,20,7.62
TOMATO,DRY,DESERT,WINDY,10,20,7.12
TOMATO,DRY,DESERT,RAINY,10,20,0.5
TOMATO,DRY,DESERT,NORMAL,20,30,7.12
TOMATO,DRY,DESERT,SUNNY,20,30,8.62
TOMATO,DRY,DESERT,WINDY,20,30,8.12
TOMATO,DRY,DESERT,RAINY,20,30,0.8
TOMATO,DRY,DESERT,NORMAL,30,40,8.12
TOMATO,DRY,DESERT,SUNNY,30,40,9.62
TOMATO,DRY,DESERT,WINDY,30,40,9.12
TOMATO,DRY,DESERT,RAINY,30,40,0.12
TOMATO,DRY,DESERT,NORMAL,40,50,9.12
TOMATO,DRY,DESERT,SUNNY,40,50,10.62
TOMATO,DRY,DESERT,WINDY,40,50,10.12
TOMATO,DRY,DESERT,RAINY,40,50,1.12
TOMATO,DRY,SEMI ARID,NORMAL,10,20,5.58
TOMATO,DRY,SEMI ARID,SUNNY,10,20,7.08
TOMATO,DRY,SEMI ARID,WINDY,10,20,6.58
TOMATO,DRY,SEMI ARID,RAINY,10,20,0.3
TOMATO,DRY,SEMI ARID,NORMAL,20,30,6.58
TOMATO,DRY,SEMI ARID,SUNNY,20,30,8.08
TOMATO,DRY,SEMI ARID,WINDY,20,30,7.58
TOMATO,DRY,SEMI ARID,RAINY,20,30,0.5
TOMATO,DRY,SEMI ARID,NORMAL,30,40,7.58
TOMATO,DRY,SEMI ARID,SUNNY,30,40,9.08
TOMATO,DRY,SEMI ARID,WINDY,30,40,8.58
TOMATO,DRY,SEMI ARID,RAINY,30,40,0.8
TOMATO,DRY,SEMI ARID,NORMAL,40,50,8.58
TOMATO,DRY,SEMI ARID,SUNNY,40,50,10.08
TOMATO,DRY,SEMI ARID,WINDY,40,50,9.58
TOMATO,DRY,SEMI ARID,RAINY,40,50,0.58
TOMATO,DRY,SEMI HUMID,NORMAL,10,20,4.86
TOMATO,DRY,SEMI HUMID,SUNNY,10,20,6.36
TOMATO,DRY,SEMI HUMID,WINDY,10,20,5.86
TOMATO,DRY,SEMI HUMID,RAINY,10,20,0.2
TOMATO,DRY,SEMI HUMID,NORMAL,20,30,5.86
TOMATO,DRY,SEMI HUMID,SUNNY,20,30,7.36
TOMATO,DRY,SEMI HUMID,WINDY,20,30,6.86
TOMATO,DRY,SEMI HUMID,RAINY,20,30,0.3
TOMATO,DRY,SEMI HUMID,NORMAL,30,40,6.86
TOMATO,DRY,SEMI HUMID,SUNNY,30,40,8.36
TOMATO,DRY,SEMI HUMID,WINDY,30,40,7.86
TOMATO,DRY,SEMI HUMID,RAINY,30,40,0.5
TOMATO,DRY,SEMI HUMID,NORMAL,40,50,7.86
TOMATO,DRY,SEMI HUMID,SUNNY,40,50,9.36
TOMATO,DRY,SEMI HUMID,WINDY,40,50,8.86
TOMATO,DRY,SEMI HUMID,RAINY,40,50,0.8
TOMATO,DRY,HUMID,NORMAL,10,20,3.96
TOMATO,DRY,HUMID,SUNNY,10,20,5.46
TOMATO,DRY,HUMID,WINDY,10,20,4.96
TOMATO,DRY,HUMID,RAINY,10,20,0.1
TOMATO,DRY,HUMID,NORMAL,20,30,4.96
TOMATO,DRY,HUMID,SUNNY,20,30,6.46
TOMATO,DRY,HUMID,WINDY,20,30,5.96
TOMATO,DRY,HUMID,RAINY,20,30,0.2
TOMATO,DRY,HUMID,NORMAL,30,40,5.96
TOMATO,DRY,HUMID,SUNNY,30,40,7.46
TOMATO,DRY,HUMID,WINDY,30,40,6.96
TOMATO,DRY,HUMID,RAINY,30,40,0.3
TOMATO,DRY,HUMID,NORMAL,40,50,6.96
TOMATO,DRY,HUMID,SUNNY,40,50,8.46
TOMATO,DRY,HUMID,WINDY,40,50,7.96
TOMATO,DRY,HUMID,RAINY,40,50,0.5
TOMATO,HUMID,DESERT,NORMAL,10,20,4.68
TOMATO,HUMID,DESERT,SUNNY,10,20,6.18
TOMATO,HUMID,DESERT,WINDY,10,20,5.68
TOMATO,HUMID,DESERT,RAINY,10,20,0.2
TOMATO,HUMID,DESERT,NORMAL,20,30,5.68
TOMATO,HUMID,DESERT,SUNNY,20,30,7.18
TOMATO,HUMID,DESERT,WINDY,20,30,6.68
TOMATO,HUMID,DESERT,RAINY,20,30,0.3
TOMATO,HUMID,DESERT,NORMAL,30,40,6.68
TOMATO,HUMID,DESERT,SUNNY,30,40,8.18
TOMATO,HUMID,DESERT,WINDY,30,40,7.68
TOMATO,HUMID,DESERT,RAINY,30,40,0.5
TOMATO,HUMID,DESERT,NORMAL,40,50,7.68
TOMATO,HUMID,DESERT,SUNNY,40,50,9.18
TOMATO,HUMID,DESERT,WINDY,40,50,8.68
TOMATO,HUMID,DESERT,RAINY,40,50,0.8
TOMATO,HUMID,SEMI ARID,NORMAL,10,20,4.14
TOMATO,HUMID,SEMI ARID,SUNNY,10,20,5.64
TOMATO,HUMID,SEMI ARID,WINDY,10,20,5.14
TOMATO,HUMID,SEMI ARID,RAINY,10,20,0.2
TOMATO,HUMID,SEMI ARID,NORMAL,20,30,5.14
TOMATO,HUMID,SEMI ARID,SUNNY,20,30,6.64
TOMATO,HUMID,SEMI ARID,WINDY,20,30,6.14
TOMATO,HUMID,SEMI ARID,RAINY,20,30,0.3
TOMATO,HUMID,SEMI ARID,NORMAL,30,40,6.14
TOMATO,HUMID,SEMI ARID,SUNNY,30,40,7.64
TOMATO,HUMID,SEMI ARID,WINDY,30,40,7.14
TOMATO,HUMID,SEMI ARID,RAINY,30,40,0.5
TOMATO,HUMID,SEMI ARID,NORMAL,40,50,7.14
TOMATO,HUMID,SEMI ARID,SUNNY,40,50,8.64
TOMATO,HUMID,SEMI ARID,WINDY,40,50,8.14
TOMATO,HUMID,SEMI ARID,RAINY,40,50,0.8
TOMATO,HUMID,SEMI HUMID,NORMAL,10,20,3.42
TOMATO,HUMID,SEMI HUMID,SUNNY,10,20,4.92
TOMATO,HUMID,SEMI HUMID,WINDY,10,20,4.42
TOMATO,HUMID,SEMI HUMID,RAINY,10,20,0.1
TOMATO,HUMID,SEMI HUMID,NORMAL,20,30,4.42
TOMATO,HUMID,SEMI HUMID,SUNNY,20,30,5.92
TOMATO,HUMID,SEMI HUMID,WINDY,20,30,5.42
TOMATO,HUMID,SEMI HUMID,RAINY,20,30,0.2
TOMATO,HUMID,SEMI HUMID,NORMAL,30,40,5.42
TOMATO,HUMID,SEMI HUMID,SUNNY,30,40,6.92
TOMATO,HUMID,SEMI HUMID,WINDY,30,40,6.42
TOMATO,HUMID,SEMI HUMID,RAINY,30,40,0.3
TOMATO,HUMID,SEMI HUMID,NORMAL,40,50,6.42
TOMATO,HUMID,SEMI HUMID,SUNNY,40,50,7.92
TOMATO,HUMID,SEMI HUMID,WINDY,40,50,7.42
TOMATO,HUMID,SEMI HUMID,RAINY,40,50,0.5
TOMATO,HUMID,HUMID,NORMAL,10,20,2.52
TOMATO,HUMID,HUMID,SUNNY,10,20,4.02
TOMATO,HUMID,HUMID,WINDY,10,20,3.52
TOMATO,HUMID,HUMID,RAINY,10,20,0.1
TOMATO,HUMID,HUMID,NORMAL,20,30,3.52
TOMATO,HUMID,HUMID,SUNNY,20,30,5.02
TOMATO,HUMID,HUMID,WINDY,20,30,4.52
TOMATO,HUMID,HUMID,RAINY,20,30,0.1
TOMATO,HUMID,HUMID,NORMAL,30,40,4.52
TOMATO,HUMID,HUMID,SUNNY,30,40,6.02
TOMATO,HUMID,HUMID,WINDY,30,40,5.52
TOMATO,HUMID,HUMID,RAINY,30,40,0.2
TOMATO,HUMID,HUMID,NORMAL,40,50,5.52
TOMATO,HUMID,HUMID,SUNNY,40,50,7.02
TOMATO,HUMID,HUMID,WINDY,40,50,6.52
TOMATO,HUMID,HUMID,RAINY,40,50,0.3
TOMATO,WET,DESERT,NORMAL,10,20,3.6
TOMATO,WET,DESERT,SUNNY,10,20,5.1
TOMATO,WET,DESERT,WINDY,10,20,4.6
TOMATO,WET,DESERT,RAINY,10,20,0.1
TOMATO,WET,DESERT,NORMAL,20,30,4.6
TOMATO,WET,DESERT,SUNNY,20,30,6.1
TOMATO,WET,DESERT,WINDY,20,30,5.6
TOMATO,WET,DESERT,RAINY,20,30,0.2
TOMATO,WET,DESERT,NORMAL,30,40,5.6
TOMATO,WET,DESERT,SUNNY,30,40,7.1
TOMATO,WET,DESERT,WINDY,30,40,6.6
TOMATO,WET,DESERT,RAINY,30,40,0.3
TOMATO,WET,DESERT,NORMAL,40,50,6.6
TOMATO,WET,DESERT,SUNNY,40,50,8.1
TOMATO,WET,DESERT,WINDY,40,50,7.6
TOMATO,WET,DESERT,RAINY,40,50,0.5
TOMATO,WET,SEMI ARID,NORMAL,10,20,3.06
TOMATO,WET,SEMI ARID,SUNNY,10,20,4.56
TOMATO,WET,SEMI ARID,WINDY,10,20,4.06
TOMATO,WET,SEMI ARID,RAINY,10,20,0.1
TOMATO,WET,SEMI ARID,NORMAL,20,30,4.06
TOMATO,WET,SEMI ARID,SUNNY,20,30,5.56
TOMATO,WET,SEMI ARID,WINDY,20,30,5.06
TOMATO,WET,SEMI ARID,RAINY,20,30,0.2
TOMATO,WET,SEMI ARID,NORMAL,30,40,5.06
TOMATO,WET,SEMI ARID,SUNNY,30,40,6.56
TOMATO,WET,SEMI ARID,WINDY,30,40,6.06
TOMATO,WET,SEMI ARID,RAINY,30,40,0.3
TOMATO,WET,SEMI ARID,NORMAL,40,50,6.06
TOMATO,WET,SEMI ARID,SUNNY,40,50,7.56
TOMATO,WET,SEMI ARID,WINDY,40,50,7.06
TOMATO,WET,SEMI ARID,RAINY,40,50,0.5
TOMATO,WET,SEMI HUMID,NORMAL,10,20,2.34
TOMATO,WET,SEMI HUMID,SUNNY,10,20,3.84
TOMATO,WET,SEMI HUMID,WINDY,10,20,3.34
TOMATO,WET,SEMI HUMID,RAINY,10,20,0.1
TOMATO,WET,SEMI HUMID,NORMAL,20,30,3.34
TOMATO,WET,SEMI HUMID,SUNNY,20,30,4.84
TOMATO,WET,SEMI HUMID,WINDY,20,30,4.34
TOMATO,WET,SEMI HUMID,RAINY,20,30,0.1
TOMATO,WET,SEMI HUMID,NORMAL,30,40,4.34
TOMATO,WET,SEMI HUMID,SUNNY,30,40,5.84
TOMATO,WET,SEMI HUMID,WINDY,30,40,5.34
TOMATO,WET,SEMI HUMID,RAINY,30,40,0.2
TOMATO,WET,SEMI HUMID,NORMAL,40,50,5.34
TOMATO,WET,SEMI HUMID,SUNNY,40,50,6.84
TOMATO,WET,SEMI HUMID,WINDY,40,50,6.34
TOMATO,WET,SEMI HUMID,RAINY,40,50,0.3
TOMATO,WET,HUMID,NORMAL,10,20,1.44
TOMATO,WET,HUMID,SUNNY,10,20,3.0
TOMATO,WET,HUMID,WINDY,10,20,2.5
TOMATO,WET,HUMID,RAINY,10,20,0.1
TOMATO,WET,HUMID,NORMAL,20,30,2.44
TOMATO,WET,HUMID,SUNNY,20,30,4.0
TOMATO,WET,HUMID,WINDY,20,30,3.5
TOMATO,WET,HUMID,RAINY,20,30,0.1
TOMATO,WET,HUMID,NORMAL,30,40,3.44
TOMATO,WET,HUMID,SUNNY,30,40,5.0
TOMATO,WET,HUMID,WINDY,30,40,4.5
TOMATO,WET,HUMID,RAINY,30,40,0.1
TOMATO,WET,HUMID,NORMAL,40,50,4.44
TOMATO,WET,HUMID,SUNNY,40,50,6.0
TOMATO,WET,HUMID,WINDY,40,50,5.5
TOMATO,WET,HUMID,RAINY,40,50,0.2
ONION,DRY,DESERT,NORMAL,10,20,4.25
ONION,DRY,DESERT,SUNNY,10,20,5.75
ONION,DRY,DESERT,WINDY,10,20,5.25
ONION,DRY,DESERT,RAINY,10,20,0.2
ONION,DRY,DESERT,NORMAL,20,30,5.25
ONION,DRY,DESERT,SUNNY,20,30,6.75
ONION,DRY,DESERT,WINDY,20,30,6.25
ONION,DRY,DESERT,RAINY,20,30,0.3
ONION,DRY,DESERT,NORMAL,30,40,6.25
ONION,DRY,DESERT,SUNNY,30,40,7.75
ONION,DRY,DESERT,WINDY,30,40,7.25
ONION,DRY,DESERT,RAINY,30,40,0.5
ONION,DRY,DESERT,NORMAL,40,50,7.25
ONION,DRY,DESERT,SUNNY,40,50,8.75
ONION,DRY,DESERT,WINDY,40,50,8.25
ONION,DRY,DESERT,RAINY,40,50,0.8
ONION,DRY,SEMI ARID,NORMAL,10,20,4.125
ONION,DRY,SEMI ARID,SUNNY,10,20,5.625
ONION,DRY,SEMI ARID,WINDY,10,20,5.125
ONION,DRY,SEMI ARID,RAINY,10,20,0.2
ONION,DRY,SEMI ARID,NORMAL,20,30,5.125
ONION,DRY,SEMI ARID,SUNNY,20,30,6.625
ONION,DRY,SEMI ARID,WINDY,20,30,6.125
ONION,DRY,SEMI ARID,RAINY,20,30,0.3
ONION,DRY,SEMI ARID,NORMAL,30,40,6.125
ONION,DRY,SEMI ARID,SUNNY,30,40,7.625
ONION,DRY,SEMI ARID,WINDY,30,40,7.125
ONION,DRY,SEMI ARID,RAINY,30,40,0.5
ONION,DRY,SEMI ARID,NORMAL,40,50,7.125
ONION,DRY,SEMI ARID,SUNNY,40,50,8.625
ONION,DRY,SEMI ARID,WINDY,40,50,8.125
ONION,DRY,SEMI ARID,RAINY,40,50,0.8
ONION,DRY,SEMI HUMID,NORMAL,10,20,3.375
ONION,DRY,SEMI HUMID,SUNNY,10,20,4.875
ONION,DRY,SEMI HUMID,WINDY,10,20,4.375
ONION,DRY,SEMI HUMID,RAINY,10,20,0.1
ONION,DRY,SEMI HUMID,NORMAL,20,30,4.375
ONION,DRY,SEMI HUMID,SUNNY,20,30,5.875
ONION,DRY,SEMI HUMID,WINDY,20,30,5.375
ONION,DRY,SEMI HUMID,RAINY,20,30,0.2
ONION,DRY,SEMI HUMID,NORMAL,30,40,5.375
ONION,DRY,SEMI HUMID,SUNNY,30,40,6.875
ONION,DRY,SEMI HUMID,WINDY,30,40,6.375
ONION,DRY,SEMI HUMID,RAINY,30,40,0.3
ONION,DRY,SEMI HUMID,NORMAL,40,50,6.375
ONION,DRY,SEMI HUMID,SUNNY,40,50,7.875
ONION,DRY,SEMI HUMID,WINDY,40,50,7.375
ONION,DRY,SEMI HUMID,RAINY,40,50,0.5
ONION,DRY,HUMID,NORMAL,10,20,2.75
ONION,DRY,HUMID,SUNNY,10,20,4.25
ONION,DRY,HUMID,NORMAL,10,20,3.75
ONION,DRY,HUMID,SUNNY,10,20,0.1
ONION,DRY,HUMID,WINDY,20,30,3.75
ONION,DRY,HUMID,RAINY,20,30,5.25
ONION,DRY,HUMID,NORMAL,20,30,4.75
ONION,DRY,HUMID,SUNNY,20,30,0.1
ONION,DRY,HUMID,WINDY,30,40,4.75
ONION,DRY,HUMID,RAINY,30,40,6.25
ONION,DRY,HUMID,NORMAL,30,40,5.75
ONION,DRY,HUMID,SUNNY,30,40,0.2
ONION,DRY,HUMID,WINDY,40,50,5.75
ONION,DRY,HUMID,RAINY,40,50,7.25
ONION,DRY,HUMID,NORMAL,40,50,6.75
ONION,DRY,HUMID,NORMAL,40,50,0.3
ONION,HUMID,DESERT,SUNNY,10,20,3.25
ONION,HUMID,DESERT,WINDY,10,20,4.75
ONION,HUMID,DESERT,RAINY,10,20,4.25
ONION,HUMID,DESERT,NORMAL,10,20,0.1
ONION,HUMID,DESERT,SUNNY,20,30,4.25
ONION,HUMID,DESERT,WINDY,20,30,5.75
ONION,HUMID,DESERT,RAINY,20,30,5.25
ONION,HUMID,DESERT,NORMAL,20,30,0.2
ONION,HUMID,DESERT,SUNNY,30,40,5.25
ONION,HUMID,DESERT,WINDY,30,40,6.75
ONION,HUMID,DESERT,RAINY,30,40,6.25
ONION,HUMID,DESERT,NORMAL,30,40,0.3
ONION,HUMID,DESERT,SUNNY,40,50,6.25
ONION,HUMID,DESERT,WINDY,40,50,7.75
ONION,HUMID,DESERT,RAINY,40,50,7.25
ONION,HUMID,DESERT,NORMAL,40,50,0.5
ONION,HUMID,SEMI ARID,SUNNY,10,20,2.875
ONION,HUMID,SEMI ARID,WINDY,10,20,4.375
ONION,HUMID,SEMI ARID,RAINY,10,20,3.875
ONION,HUMID,SEMI ARID,NORMAL,10,20,0.1
ONION,HUMID,SEMI ARID,SUNNY,20,30,3.875
ONION,HUMID,SEMI ARID,WINDY,20,30,5.375
ONION,HUMID,SEMI ARID,RAINY,20,30,4.875
ONION,HUMID,SEMI ARID,NORMAL,20,30,0.1
ONION,HUMID,SEMI ARID,SUNNY,30,40,4.875
ONION,HUMID,SEMI ARID,NORMAL,30,40,6.375
ONION,HUMID,SEMI ARID,SUNNY,30,40,5.875
ONION,HUMID,SEMI ARID,WINDY,30,40,0.2
ONION,HUMID,SEMI ARID,RAINY,40,50,5.875
ONION,HUMID,SEMI ARID,NORMAL,40,50,7.375
ONION,HUMID,SEMI ARID,SUNNY,40,50,6.875
ONION,HUMID,SEMI ARID,WINDY,40,50,0.3
ONION,HUMID,SEMI HUMID,RAINY,10,20,2.375
ONION,HUMID,SEMI HUMID,NORMAL,10,20,3.875
ONION,HUMID,SEMI HUMID,SUNNY,10,20,3.375
ONION,HUMID,SEMI HUMID,WINDY,10,20,0.1
ONION,HUMID,SEMI HUMID,RAINY,20,30,3.375
ONION,HUMID,SEMI HUMID,NORMAL,20,30,4.875
ONION,HUMID,SEMI HUMID,NORMAL,20,30,4.375
ONION,HUMID,SEMI HUMID,SUNNY,20,30,0.1
ONION,HUMID,SEMI HUMID,WINDY,30,40,4.375
ONION,HUMID,SEMI HUMID,RAINY,30,40,5.875
ONION,HUMID,SEMI HUMID,NORMAL,30,40,5.375
ONION,HUMID,SEMI HUMID,SUNNY,30,40,0.2
ONION,HUMID,SEMI HUMID,WINDY,40,50,5.575
ONION,HUMID,SEMI HUMID,RAINY,40,50,6.875
ONION,HUMID,SEMI HUMID,NORMAL,40,50,6.575
ONION,HUMID,SEMI HUMID,SUNNY,40,50,0.3
ONION,HUMID,HUMID,WINDY,10,20,1.75
ONION,HUMID,HUMID,RAINY,10,20,3.25
ONION,HUMID,HUMID,NORMAL,10,20,2.75
ONION,HUMID,HUMID,SUNNY,10,20,0.1
ONION,HUMID,HUMID,WINDY,20,30,2.75
ONION,HUMID,HUMID,RAINY,20,30,4.25
ONION,HUMID,HUMID,NORMAL,20,30,3.75
ONION,HUMID,HUMID,SUNNY,20,30,0.1
ONION,HUMID,HUMID,WINDY,30,40,3.75
ONION,HUMID,HUMID,RAINY,30,40,5.25
ONION,HUMID,HUMID,NORMAL,30,40,4.75
ONION,HUMID,HUMID,SUNNY,30,40,0.1
ONION,HUMID,HUMID,WINDY,40,50,4.75
ONION,HUMID,HUMID,RAINY,40,50,6.25
ONION,HUMID,HUMID,NORMAL,40,50,5.75
ONION,HUMID,HUMID,SUNNY,40,50,0.2
ONION,WET,DESERT,NORMAL,10,20,2.5
ONION,WET,DESERT,SUNNY,10,20,4.0
ONION,WET,DESERT,WINDY,10,20,3.5
ONION,WET,DESERT,RAINY,10,20,0.1
ONION,WET,DESERT,NORMAL,20,30,3.5
ONION,WET,DESERT,SUNNY,20,30,5.0
ONION,WET,DESERT,WINDY,20,30,4.5
ONION,WET,DESERT,RAINY,20,30,0.1
ONION,WET,DESERT,NORMAL,30,40,4.5
ONION,WET,DESERT,SUNNY,30,40,6.0
ONION,WET,DESERT,WINDY,30,40,5.5
ONION,WET,DESERT,RAINY,30,40,0.2
ONION,WET,DESERT,NORMAL,40,50,5.5
ONION,WET,DESERT,NORMAL,40,50,7.0
ONION,WET,DESERT,SUNNY,40,50,6.5
ONION,WET,DESERT,WINDY,40,50,0.3
ONION,WET,SEMI ARID,RAINY,10,20,2.125
ONION,WET,SEMI ARID,NORMAL,10,20,3.625
ONION,WET,SEMI ARID,SUNNY,10,20,3.125
ONION,WET,SEMI ARID,WINDY,10,20,0.1
ONION,WET,SEMI ARID,RAINY,20,30,3.125
ONION,WET,SEMI ARID,NORMAL,20,30,4.625
ONION,WET,SEMI ARID,SUNNY,20,30,4.125
ONION,WET,SEMI ARID,WINDY,20,30,0.1
ONION,WET,SEMI ARID,RAINY,30,40,4.125
ONION,WET,SEMI ARID,NORMAL,30,40,5.625
ONION,WET,SEMI ARID,SUNNY,30,40,5.125
ONION,WET,SEMI ARID,WINDY,30,40,0.2
ONION,WET,SEMI ARID,RAINY,40,50,5.125
ONION,WET,SEMI ARID,NORMAL,40,50,6.625
ONION,WET,SEMI ARID,SUNNY,40,50,6.125
ONION,WET,SEMI ARID,WINDY,40,50,0.3
ONION,WET,SEMI HUMID,RAINY,10,20,1.625
ONION,WET,SEMI HUMID,NORMAL,10,20,3.125
ONION,WET,SEMI HUMID,SUNNY,10,20,2.625
ONION,WET,SEMI HUMID,WINDY,10,20,0.1
ONION,WET,SEMI HUMID,RAINY,20,30,2.625
ONION,WET,SEMI HUMID,NORMAL,20,30,4.125
ONION,WET,SEMI HUMID,SUNNY,20,30,3.625
ONION,WET,SEMI HUMID,NORMAL,20,30,0.1
ONION,WET,SEMI HUMID,SUNNY,30,40,3.625
ONION,WET,SEMI HUMID,WINDY,30,40,5.125
ONION,WET,SEMI HUMID,RAINY,30,40,4.625
ONION,WET,SEMI HUMID,NORMAL,30,40,0.1
ONION,WET,SEMI HUMID,SUNNY,40,50,4.625
ONION,WET,SEMI HUMID,WINDY,40,50,6.125
ONION,WET,SEMI HUMID,RAINY,40,50,5.625
ONION,WET,SEMI HUMID,NORMAL,40,50,0.2
ONION,WET,HUMID,SUNNY,10,20,1.625
ONION,WET,HUMID,WINDY,10,20,3.125
ONION,WET,HUMID,RAINY,10,20,2.625
ONION,WET,HUMID,NORMAL,10,20,0.1
ONION,WET,HUMID,NORMAL,20,30,2.625
ONION,WET,HUMID,SUNNY,20,30,4.125
ONION,WET,HUMID,WINDY,20,30,3.625
ONION,WET,HUMID,RAINY,20,30,0.1
ONION,WET,HUMID,NORMAL,30,40,3.625
ONION,WET,HUMID,SUNNY,30,40,5.125
ONION,WET,HUMID,WINDY,30,40,4.625
ONION,WET,HUMID,RAINY,30,40,0.1
ONION,WET,HUMID,NORMAL,40,50,4.625
ONION,WET,HUMID,SUNNY,40,50,6.125
ONION,WET,HUMID,WINDY,40,50,5.625
ONION,WET,HUMID,RAINY,40,50,0.2
